Workbook

Sheet المواد المسجلة
A1: الرقم الجامعي | B1: رمز المادة | C1: اسم المادة | D1: الوحدات | E1: المحاضر | F1: موعد المحاضرة
A2: =[1]Sheet2!A2 -> 4800 | B2: =[1]Sheet2!B2 -> 2804 | C2: =VLOOKUP(B2,الجدول!A:B,2,FALSE) -> English Grammar D | D2: =VLOOKUP(B2,الجدول!A:E,5,FALSE) -> 4 | E2: =VLOOKUP(B2,الجدول!A:D,4,FALSE) -> د. عبدالسلام الرقاص | F2: =VLOOKUP(B2,الجدول!A:D,3,FALSE) -> الإربعاء 01:00
A3: =[1]Sheet2!A3 -> 4808 | B3: =[1]Sheet2!B3 -> 2515 | C3: =VLOOKUP(B3,الجدول!A:B,2,FALSE) -> Psycho. Linguistics | D3: =VLOOKUP(B3,الجدول!A:E,5,FALSE) -> 3 | E3: =VLOOKUP(B3,الجدول!A:D,4,FALSE) -> أ. خديجة العشيبي | F3: =VLOOKUP(B3,الجدول!A:D,3,FALSE) -> السبت 11:00
A4: =[1]Sheet2!A4 -> 4808 | B4: =[1]Sheet2!B4 -> 2815 | C4: =VLOOKUP(B4,الجدول!A:B,2,FALSE) -> CALL | D4: =VLOOKUP(B4,الجدول!A:E,5,FALSE) -> 3 | E4: =VLOOKUP(B4,الجدول!A:D,4,FALSE) -> أ. فرج الجارح | F4: =VLOOKUP(B4,الجدول!A:D,3,FALSE) -> الإربعاء 09:00
A5: =[1]Sheet2!A5 -> 4808 | B5: =[1]Sheet2!B5 -> 2603 | C5: =VLOOKUP(B5,الجدول!A:B,2,FALSE) -> Introduction to ESP | D5: =VLOOKUP(B5,الجدول!A:E,5,FALSE) -> 3 | E5: =VLOOKUP(B5,الجدول!A:D,4,FALSE) -> أ. خديجة العشيبي | F5: =VLOOKUP(B5,الجدول!A:D,3,FALSE) -> السبت 01:00
A6: =[1]Sheet2!A6 -> 4808 | B6: =[1]Sheet2!B6 -> 2614 | C6: =VLOOKUP(B6,الجدول!A:B,2,FALSE) -> Lexicography | D6: =VLOOKUP(B6,الجدول!A:E,5,FALSE) -> 3 | E6: =VLOOKUP(B6,الجدول!A:D,4,FALSE) -> أ. فرج مالك | F6: =VLOOKUP(B6,الجدول!A:D,3,FALSE) -> السبت 09:00
A7: =[1]Sheet2!A7 -> 4808 | B7: =[1]Sheet2!B7 -> 2704 | C7: =VLOOKUP(B7,الجدول!A:B,2,FALSE) -> Semantics | D7: =VLOOKUP(B7,الجدول!A:E,5,FALSE) -> 3 | E7: =VLOOKUP(B7,الجدول!A:D,4,FALSE) -> أ. الشريف الملاح | F7: =VLOOKUP(B7,الجدول!A:D,3,FALSE) -> الأحد 11:00
A8: =[1]Sheet2!A8 -> 4811 | B8: =[1]Sheet2!B8 -> 2812 | C8: =VLOOKUP(B8,الجدول!A:B,2,FALSE) -> Research Project | D8: =VLOOKUP(B8,الجدول!A:E,5,FALSE) -> 4 | E8: =VLOOKUP(B8,الجدول!A:D,4,FALSE) -> 0 | F8: =VLOOKUP(B8,الجدول!A:D,3,FALSE)
A9: =[1]Sheet2!A9 -> 4811 | B9: =[1]Sheet2!B9 -> 2813 | C9: =VLOOKUP(B9,الجدول!A:B,2,FALSE) -> Language Testing | D9: =VLOOKUP(B9,الجدول!A:E,5,FALSE) -> 4 | E9: =VLOOKUP(B9,الجدول!A:D,4,FALSE) -> أ. فرج الجارح | F9: =VLOOKUP(B9,الجدول!A:D,3,FALSE) -> الإربعاء 11:00
A10: =[1]Sheet2!A10 -> 4811 | B10: =[1]Sheet2!B10 -> 2804 | C10: =VLOOKUP(B10,الجدول!A:B,2,FALSE) -> English Grammar D | D10: =VLOOKUP(B10,الجدول!A:E,5,FALSE) -> 4 | E10: =VLOOKUP(B10,الجدول!A:D,4,FALSE) -> د. عبدالسلام الرقاص | F10: =VLOOKUP(B10,الجدول!A:D,3,FALSE) -> الإربعاء 01:00
A11: =[1]Sheet2!A11 -> 4811 | B11: =[1]Sheet2!B11 -> 2815 | C11: =VLOOKUP(B11,الجدول!A:B,2,FALSE) -> CALL | D11: =VLOOKUP(B11,الجدول!A:E,5,FALSE) -> 3 | E11: =VLOOKUP(B11,الجدول!A:D,4,FALSE) -> أ. فرج الجارح | F11: =VLOOKUP(B11,الجدول!A:D,3,FALSE) -> الإربعاء 09:00
A12: =[1]Sheet2!A12 -> 5163 | B12: =[1]Sheet2!B12 -> 2512 | C12: =VLOOKUP(B12,الجدول!A:B,2,FALSE) -> Phonetics and Phonology | D12: =VLOOKUP(B12,الجدول!A:E,5,FALSE) -> 3 | E12: =VLOOKUP(B12,الجدول!A:D,4,FALSE) -> أ. الشريف الملاح | F12: =VLOOKUP(B12,الجدول!A:D,3,FALSE) -> الخميس 09:00
A13: =[1]Sheet2!A13 -> 5163 | B13: =[1]Sheet2!B13 -> 2811 | C13: =VLOOKUP(B13,الجدول!A:B,2,FALSE) -> Translation Theories and Practice | D13: =VLOOKUP(B13,الجدول!A:E,5,FALSE) -> 3 | E13: =VLOOKUP(B13,الجدول!A:D,4,FALSE) -> أ. علي اغنيوه | F13: =VLOOKUP(B13,الجدول!A:D,3,FALSE) -> السبت 11:00
... A1000: =[1]Sheet2!A1000 -> 0 | B1000: =[1]Sheet2!B1000 -> 0 | C1000: =VLOOKUP(B1000,الجدول!A:B,2,FALSE) -> 0 | D1000: =VLOOKUP(B1000,الجدول!A:E,5,FALSE) -> 0 | E1000: =VLOOKUP(B1000,الجدول!A:D,4,FALSE) -> 0 | F1000: =VLOOKUP(B1000,الجدول!A:D,3,FALSE) -> 0

Sheet السجل الدراسي والنتائج
A1: رقم المقرر | B1: اسم المقرر | C1: الأسبقية | D1: =التحديث!S1 -> الجدول | E1: =التحديث!T1 -> أستاذ المادة | F1: حالة امقرر | G1: =التحديث!V1 -> 1 | H1: =التحديث!W1 -> 2 | I1: =التحديث!X1 -> 3 | J1: =التحديث!Y1 -> 4 | K1: =التحديث!Z1 -> 5 | L1: =التحديث!AA1 -> 6 | M1: =التحديث!AB1 -> 7 | N1: =التحديث!AC1 -> 8 | ... BAC1: =التحديث!BAR1 -> 0
A2: 0 | B2: الفصل الأول | F2: =التحديث!U2 -> 0 | G2: =التحديث!V2 -> 1937 | H2: =التحديث!W2 -> 2114 | I2: =التحديث!X2 -> 2123 | J2: =التحديث!Y2 -> 2128 | K2: =التحديث!Z2 -> 2133 | L2: =التحديث!AA2 -> 2137 | M2: =التحديث!AB2 -> 2156 | ... BAC2: =التحديث!BAR2 -> 0
A3: =التحديث!Q3 -> 100 | B3: =التحديث!R3 -> اللغة العربية | D3: =التحديث!S3 -> الثلاثاء 11:00 | E3: =التحديث!T3 -> أ. سالم علي | F3: =التحديث!U3 -> 0 | G3: =التحديث!V3 -> 1 | H3: =التحديث!W3 -> 1 | I3: =التحديث!X3 -> 1 | J3: =التحديث!Y3 -> 1 | K3: =التحديث!Z3 -> 1 | ... BAC3: =التحديث!BAR3 -> 0
A4: =التحديث!Q4 -> 2111 | B4: =التحديث!R4 -> Listening and Speaking A | D4: =التحديث!S4 -> الإثنين 11:00 | E4: =التحديث!T4 -> أ. يونس مصطفى | F4: =التحديث!U4 -> 0 | G4: =التحديث!V4 -> 1 | H4: =التحديث!W4 -> 1 | I4: =التحديث!X4 -> 1 | J4: =التحديث!Y4 -> 1 | K4: =التحديث!Z4 -> 1 | ... BAC4: =التحديث!BAR4 -> 0
A5: =التحديث!Q5 -> 2112 | B5: =التحديث!R5 -> Reading Comprehension A | D5: =التحديث!S5 -> الإثنين 09:00 | E5: =التحديث!T5 -> أ. يونس مصطفى | F5: =التحديث!U5 -> 0 | G5: =التحديث!V5 -> 1 | H5: =التحديث!W5 -> 1 | I5: =التحديث!X5 -> 1 | J5: =التحديث!Y5 -> 1 | K5: =التحديث!Z5 -> 1 | ... BAC5: =التحديث!BAR5 -> 0
A6: =التحديث!Q6 -> 2113 | B6: =التحديث!R6 -> Writing A | D6: =التحديث!S6 -> السبت 11:00 | E6: =التحديث!T6 -> أ. فرج مالك | F6: =التحديث!U6 -> 0 | G6: =التحديث!V6 -> 1 | H6: =التحديث!W6 -> 1 | I6: =التحديث!X6 -> 1 | J6: =التحديث!Y6 -> 1 | K6: =التحديث!Z6 -> 1 | ... BAC6: =التحديث!BAR6 -> 0
A7: =التحديث!Q7 -> 2114 | B7: =التحديث!R7 -> English Grammar A | D7: =التحديث!S7 -> الخميس 11:00 | E7: =التحديث!T7 -> أ. الشريف الملاح | F7: =التحديث!U7 -> 0 | G7: =التحديث!V7 -> 1 | H7: =التحديث!W7 -> 1 | I7: =التحديث!X7 -> 1 | J7: =التحديث!Y7 -> 1 | K7: =التحديث!Z7 -> 1 | ... BAC7: =التحديث!BAR7 -> 0
A8: =التحديث!Q13 -> 0 | B8: =التحديث!R13 -> الفصل الثاني | D8: =التحديث!S13 | E8: =التحديث!T13 | F8: =التحديث!U13 -> 0 | G8: =التحديث!V13 -> 0 | H8: =التحديث!W13 -> 0 | I8: =التحديث!X13 -> 0 | J8: =التحديث!Y13 -> 0 | K8: =التحديث!Z13 -> 0 | ... BAC8: =التحديث!BAR13 -> 0
A9: =التحديث!Q14 -> 2305 | B9: =التحديث!R14 -> Listening and Speaking B | C9: 2111 | D9: =التحديث!S14 | E9: =التحديث!T14 -> 0 | F9: =التحديث!U14 -> 0 | G9: =التحديث!V14 -> 1 | H9: =التحديث!W14 -> 1 | I9: =التحديث!X14 -> 1 | J9: =التحديث!Y14 -> 1 | K9: =التحديث!Z14 -> 0 | ... BAC9: =التحديث!BAR14 -> 0
A10: =التحديث!Q15 -> 2302 | B10: =التحديث!R15 -> Reading Comprehension B | C10: 2112 | D10: =التحديث!S15 | E10: =التحديث!T15 -> 0 | F10: =التحديث!U15 -> 0 | G10: =التحديث!V15 -> 1 | H10: =التحديث!W15 -> 1 | I10: =التحديث!X15 -> 1 | J10: =التحديث!Y15 -> 0 | K10: =التحديث!Z15 -> 0 | ... BAC10: =التحديث!BAR15 -> 0
A11: =التحديث!Q16 -> 2303 | B11: =التحديث!R16 -> Writing B | C11: 2113 | D11: =التحديث!S16 -> السبت 09:00 | E11: =التحديث!T16 -> أ. خديجة العشيبي | F11: =التحديث!U16 -> 0 | G11: =التحديث!V16 -> 0 | H11: =التحديث!W16 -> 1 | I11: =التحديث!X16 -> 1 | J11: =التحديث!Y16 -> 0 | K11: =التحديث!Z16 -> 0 | ... BAC11: =التحديث!BAR16 -> 0
A12: =التحديث!Q17 -> 2304 | B12: =التحديث!R17 -> English Grammar B | C12: 2114 | D12: =التحديث!S17 -> الإربعاء 09:00 | E12: =التحديث!T17 -> د. عبدالسلام الرقاص | F12: =التحديث!U17 -> 0 | G12: =التحديث!V17 -> 0 | H12: =التحديث!W17 -> 1 | I12: =التحديث!X17 -> 1 | J12: =التحديث!Y17 -> 0 | K12: =التحديث!Z17 -> 0 | ... BAC12: =التحديث!BAR17 -> 0
A13: =التحديث!Q18 -> 2201 | B13: =التحديث!R18 -> Pronunciation | D13: =التحديث!S18 | E13: =التحديث!T18 -> 0 | F13: =التحديث!U18 -> 0 | G13: =التحديث!V18 -> 1 | H13: =التحديث!W18 -> 1 | I13: =التحديث!X18 -> 1 | J13: =التحديث!Y18 -> 1 | K13: =التحديث!Z18 -> 0 | ... BAC13: =التحديث!BAR18 -> 0
A14: =التحديث!Q25 -> 0 | B14: =التحديث!R25 -> الفصل الثالث | D14: =التحديث!S25 | E14: =التحديث!T25 | F14: =التحديث!U25 -> 0 | G14: =التحديث!V25 -> 0 | H14: =التحديث!W25 -> 0 | I14: =التحديث!X25 -> 0 | J14: =التحديث!Y25 -> 0 | K14: =التحديث!Z25 -> 0 | ... BAC14: =التحديث!BAR25 -> 0
A15: =التحديث!Q26 -> 1102 | B15: =التحديث!R26 -> التطبيقات اللغوية | C15: 100 | D15: =التحديث!S26 -> الثلاثاء 09:00 | E15: =التحديث!T26 -> أ. سالم علي | F15: =التحديث!U26 -> 0 | G15: =التحديث!V26 -> 1 | H15: =التحديث!W26 -> 1 | I15: =التحديث!X26 -> 1 | J15: =التحديث!Y26 -> 1 | K15: =التحديث!Z26 -> 0 | ... BAC15: =التحديث!BAR26 -> 0
A16: =التحديث!Q27 -> 2311 | B16: =التحديث!R27 -> Listening and Speaking C | C16: 2305 | D16: =التحديث!S27 -> الخميس 09:00 | E16: =التحديث!T27 -> أ. آية ثابت | F16: =التحديث!U27 -> 0 | G16: =التحديث!V27 -> 0 | H16: =التحديث!W27 -> 1 | I16: =التحديث!X27 -> 0 | J16: =التحديث!Y27 -> 0 | K16: =التحديث!Z27 -> 0 | ... BAC16: =التحديث!BAR27 -> 0
A17: =التحديث!Q28 -> 2402 | B17: =التحديث!R28 -> Reading Comprehension C | C17: 2302 | D17: =التحديث!S28 -> الإثنين 01:00 | E17: =التحديث!T28 -> أ. يونس مصطفى | F17: =التحديث!U28 -> 0 | G17: =التحديث!V28 -> 0 | H17: =التحديث!W28 -> 1 | I17: =التحديث!X28 -> 0 | J17: =التحديث!Y28 -> 0 | K17: =التحديث!Z28 -> 0 | ... BAC17: =التحديث!BAR28 -> 0
A18: =التحديث!Q29 -> 2313 | B18: =التحديث!R29 -> Academic Writing | C18: 2303 | D18: =التحديث!S29 -> الإربعاء 11:00 | E18: =التحديث!T29 -> د. عبدالسلام الرقاص | F18: =التحديث!U29 -> 0 | G18: =التحديث!V29 -> 0 | H18: =التحديث!W29 -> 1 | I18: =التحديث!X29 -> 0 | J18: =التحديث!Y29 -> 0 | K18: =التحديث!Z29 -> 0 | ... BAC18: =التحديث!BAR29 -> 0
A19: =التحديث!Q30 -> 2504 | B19: =التحديث!R30 -> English Grammar C | C19: 2304 | D19: =التحديث!S30 -> الإثنين 09:00 | E19: =التحديث!T30 -> أ. أسامة سعد | F19: =التحديث!U30 -> 0 | G19: =التحديث!V30 -> 0 | H19: =التحديث!W30 -> 1 | I19: =التحديث!X30 -> 1 | J19: =التحديث!Y30 -> 0 | K19: =التحديث!Z30 -> 0 | ... BAC19: =التحديث!BAR30 -> 0
A20: =التحديث!Q36 -> 0 | B20: =التحديث!R36 -> الفصل الرابع | D20: =التحديث!S36 | E20: =التحديث!T36 | F20: =التحديث!U36 -> 0 | G20: =التحديث!V36 -> 0 | H20: =التحديث!W36 -> 0 | I20: =التحديث!X36 -> 0 | J20: =التحديث!Y36 -> 0 | K20: =التحديث!Z36 -> 0 | ... BAC20: =التحديث!BAR36 -> 0
A21: =التحديث!Q37 -> 2301 | B21: =التحديث!R37 -> Introduction to Linguistics | D21: =التحديث!S37 -> الأحد 09:00 | E21: =التحديث!T37 -> أ. الشريف الملاح | F21: =التحديث!U37 -> 0 | G21: =التحديث!V37 -> 1 | H21: =التحديث!W37 -> 1 | I21: =التحديث!X37 -> 0 | J21: =التحديث!Y37 -> 0 | K21: =التحديث!Z37 -> 0 | ... BAC21: =التحديث!BAR37 -> 0
A22: =التحديث!Q38 -> 2404 | B22: =التحديث!R38 -> Introduction to Translation | C22: 1102 | D22: =التحديث!S38 | E22: =التحديث!T38 -> 0 | F22: =التحديث!U38 -> 0 | G22: =التحديث!V38 -> 0 | H22: =التحديث!W38 -> 1 | I22: =التحديث!X38 -> 1 | J22: =التحديث!Y38 -> 0 | K22: =التحديث!Z38 -> 0 | ... BAC22: =التحديث!BAR38 -> 0
A23: =التحديث!Q39 -> 2202 | B23: =التحديث!R39 -> Introduction to English Literature | D23: =التحديث!S39 | E23: =التحديث!T39 -> 0 | F23: =التحديث!U39 -> 0 | G23: =التحديث!V39 -> 1 | H23: =التحديث!W39 -> 1 | I23: =التحديث!X39 -> 0 | J23: =التحديث!Y39 -> 1 | K23: =التحديث!Z39 -> 1 | ... BAC23: =التحديث!BAR39 -> 0
A24: =التحديث!Q40 -> 3110 | B24: =التحديث!R40 -> الحضارة العربية الإسلامية | D24: =التحديث!S40 -> الثلاثاء 11:00 | E24: =التحديث!T40 -> 0 | F24: =التحديث!U40 -> 0 | G24: =التحديث!V40 -> 1 | H24: =التحديث!W40 -> 1 | I24: =التحديث!X40 -> 1 | J24: =التحديث!Y40 -> 1 | K24: =التحديث!Z40 -> 0 | ... BAC24: =التحديث!BAR40 -> 0
A25: =التحديث!Q41 -> 10101 | B25: =التحديث!R41 -> علم النفس العام | D25: =التحديث!S41 -> الأحد 11:00 | E25: =التحديث!T41 -> 0 | F25: =التحديث!U41 -> 0 | G25: =التحديث!V41 -> 1 | H25: =التحديث!W41 -> 1 | I25: =التحديث!X41 -> 1 | J25: =التحديث!Y41 -> 1 | K25: =التحديث!Z41 -> 1 | ... BAC25: =التحديث!BAR41 -> 0
A26: =التحديث!Q47 -> 0 | B26: =التحديث!R47 -> الفصل الخامس | D26: =التحديث!S47 | E26: =التحديث!T47 | F26: =التحديث!U47 -> 0 | G26: =التحديث!V47 -> 0 | H26: =التحديث!W47 -> 0 | I26: =التحديث!X47 -> 0 | J26: =التحديث!Y47 -> 0 | K26: =التحديث!Z47 -> 0 | ... BAC26: =التحديث!BAR47 -> 0
A27: =التحديث!Q48 -> 2401 | B27: =التحديث!R48 -> Literary Readings A | C27: 2202 | D27: =التحديث!S48 -> السبت 01:00 | E27: =التحديث!T48 -> أ. فرج مالك | F27: =التحديث!U48 -> 0 | G27: =التحديث!V48 -> 0 | H27: =التحديث!W48 -> 1 | I27: =التحديث!X48 -> 0 | J27: =التحديث!Y48 -> 0 | K27: =التحديث!Z48 -> 0 | ... BAC27: =التحديث!BAR48 -> 0
A28: =التحديث!Q49 -> 2512 | B28: =التحديث!R49 -> Phonetics and Phonology | C28: 2301 | D28: =التحديث!S49 -> الخميس 09:00 | E28: =التحديث!T49 -> أ. الشريف الملاح | F28: =التحديث!U49 -> 0 | G28: =التحديث!V49 -> 0 | H28: =التحديث!W49 -> 1 | I28: =التحديث!X49 -> 0 | J28: =التحديث!Y49 -> 0 | K28: =التحديث!Z49 -> 0 | ... BAC28: =التحديث!BAR49 -> 0
A29: =التحديث!Q50 -> 2513 | B29: =التحديث!R50 -> Language Acquisition | D29: =التحديث!S50 -> الخميس 11:00 | E29: =التحديث!T50 -> أ. آية ثابت | F29: =التحديث!U50 -> 0 | G29: =التحديث!V50 -> 0 | H29: =التحديث!W50 -> 0 | I29: =التحديث!X50 -> 1 | J29: =التحديث!Y50 -> 0 | K29: =التحديث!Z50 -> 0 | ... BAC29: =التحديث!BAR50 -> 0
A30: =التحديث!Q51 -> 2514 | B30: =التحديث!R51 -> English / Arabic Translation | C30: 2404 | D30: =التحديث!S51 -> السبت 09:00 | E30: =التحديث!T51 -> أ. علي اغنيوه | F30: =التحديث!U51 -> 0 | G30: =التحديث!V51 -> 0 | H30: =التحديث!W51 -> 1 | I30: =التحديث!X51 -> 1 | J30: =التحديث!Y51 -> 0 | K30: =التحديث!Z51 -> 0 | ... BAC30: =التحديث!BAR51 -> 0
A31: =التحديث!Q52 -> 2515 | B31: =التحديث!R52 -> Psycho. Linguistics | C31: 2301 | D31: =التحديث!S52 -> السبت 11:00 | E31: =التحديث!T52 -> أ. خديجة العشيبي | F31: =التحديث!U52 -> 0 | G31: =التحديث!V52 -> 0 | H31: =التحديث!W52 -> 0 | I31: =التحديث!X52 -> 0 | J31: =التحديث!Y52 -> 0 | K31: =التحديث!Z52 -> 0 | ... BAC31: =التحديث!BAR52 -> 0
A32: =التحديث!Q58 -> 0 | B32: =التحديث!R58 -> الفصل السادس | D32: =التحديث!S58 | E32: =التحديث!T58 | F32: =التحديث!U58 -> 0 | G32: =التحديث!V58 -> 0 | H32: =التحديث!W58 -> 0 | I32: =التحديث!X58 -> 0 | J32: =التحديث!Y58 -> 0 | K32: =التحديث!Z58 -> 0 | ... BAC32: =التحديث!BAR58 -> 0
A33: =التحديث!Q59 -> 2701 | B33: =التحديث!R59 -> Teaching Methodology and Strategies | C33: 2513 | D33: =التحديث!S59 | E33: =التحديث!T59 -> 0 | F33: =التحديث!U59 -> 0 | G33: =التحديث!V59 -> 0 | H33: =التحديث!W59 -> 0 | I33: =التحديث!X59 -> 0 | J33: =التحديث!Y59 -> 0 | K33: =التحديث!Z59 -> 0 | ... BAC33: =التحديث!BAR59 -> 0
A34: =التحديث!Q60 -> 2502 | B34: =التحديث!R60 -> Literary Readings B | C34: 2401 | D34: =التحديث!S60 | E34: =التحديث!T60 -> 0 | F34: =التحديث!U60 -> 0 | G34: =التحديث!V60 -> 0 | H34: =التحديث!W60 -> 0 | I34: =التحديث!X60 -> 0 | J34: =التحديث!Y60 -> 0 | K34: =التحديث!Z60 -> 0 | ... BAC34: =التحديث!BAR60 -> 0
A35: =التحديث!Q61 -> 2603 | B35: =التحديث!R61 -> Introduction to ESP | C35: 2513 | D35: =التحديث!S61 -> السبت 01:00 | E35: =التحديث!T61 -> أ. خديجة العشيبي | F35: =التحديث!U61 -> 0 | G35: =التحديث!V61 -> 0 | H35: =التحديث!W61 -> 0 | I35: =التحديث!X61 -> 0 | J35: =التحديث!Y61 -> 0 | K35: =التحديث!Z61 -> 0 | ... BAC35: =التحديث!BAR61 -> 0
A36: =التحديث!Q62 -> 2614 | B36: =التحديث!R62 -> Lexicography | C36: 0 | D36: =التحديث!S62 -> السبت 09:00 | E36: =التحديث!T62 -> أ. فرج مالك | F36: =التحديث!U62 -> 0 | G36: =التحديث!V62 -> 0 | H36: =التحديث!W62 -> 0 | I36: =التحديث!X62 -> 0 | J36: =التحديث!Y62 -> 0 | K36: =التحديث!Z62 -> 0 | ... BAC36: =التحديث!BAR62 -> 0
A37: =التحديث!Q63 -> 2615 | B37: =التحديث!R63 -> Arabic / English Translation | C37: 2514 | D37: =التحديث!S63 | E37: =التحديث!T63 -> 0 | F37: =التحديث!U63 -> 0 | G37: =التحديث!V63 -> 0 | H37: =التحديث!W63 -> 1 | I37: =التحديث!X63 -> 0 | J37: =التحديث!Y63 -> 0 | K37: =التحديث!Z63 -> 0 | ... BAC37: =التحديث!BAR63 -> 0
A38: =التحديث!Q69 -> 0 | B38: =التحديث!R69 -> الفصل السابع | D38: =التحديث!S69 | E38: =التحديث!T69 | F38: =التحديث!U69 -> 0 | G38: =التحديث!V69 -> 0 | H38: =التحديث!W69 -> 0 | I38: =التحديث!X69 -> 0 | J38: =التحديث!Y69 -> 0 | K38: =التحديث!Z69 -> 0 | ... BAC38: =التحديث!BAR69 -> 0
A39: =التحديث!Q70 -> 2711 | B39: =التحديث!R70 -> Introduction to Syllabus Design | C39: 2701 | D39: =التحديث!S70 | E39: =التحديث!T70 -> 0 | F39: =التحديث!U70 -> 0 | G39: =التحديث!V70 -> 0 | H39: =التحديث!W70 -> 0 | I39: =التحديث!X70 -> 0 | J39: =التحديث!Y70 -> 0 | K39: =التحديث!Z70 -> 0 | ... BAC39: =التحديث!BAR70 -> 0
A40: =التحديث!Q71 -> 2703 | B40: =التحديث!R71 -> Research Methodology | C40: 2313 | D40: =التحديث!S71 -> الخميس 11:00 | E40: =التحديث!T71 -> أ. فرج الجارح | F40: =التحديث!U71 -> 0 | G40: =التحديث!V71 -> 0 | H40: =التحديث!W71 -> 0 | I40: =التحديث!X71 -> 0 | J40: =التحديث!Y71 -> 0 | K40: =التحديث!Z71 -> 0 | ... BAC40: =التحديث!BAR71 -> 0
A41: =التحديث!Q72 -> 2713 | B41: =التحديث!R72 -> Teaching Language Skills | C41: 2701 | D41: =التحديث!S72 -> الخميس 09:00 | E41: =التحديث!T72 -> أ. فرج الجارح | F41: =التحديث!U72 -> 0 | G41: =التحديث!V72 -> 0 | H41: =التحديث!W72 -> 0 | I41: =التحديث!X72 -> 0 | J41: =التحديث!Y72 -> 0 | K41: =التحديث!Z72 -> 0 | ... BAC41: =التحديث!BAR72 -> 0
A42: =التحديث!Q73 -> 2714 | B42: =التحديث!R73 -> Contrastive Grammar | C42: 2504 | D42: =التحديث!S73 | E42: =التحديث!T73 -> 0 | F42: =التحديث!U73 -> 0 | G42: =التحديث!V73 -> 0 | H42: =التحديث!W73 -> 0 | I42: =التحديث!X73 -> 0 | J42: =التحديث!Y73 -> 0 | K42: =التحديث!Z73 -> 0 | ... BAC42: =التحديث!BAR73 -> 0
A43: =التحديث!Q74 -> 2704 | B43: =التحديث!R74 -> Semantics | C43: 2301 | D43: =التحديث!S74 -> الأحد 11:00 | E43: =التحديث!T74 -> أ. الشريف الملاح | F43: =التحديث!U74 -> 0 | G43: =التحديث!V74 -> 0 | H43: =التحديث!W74 -> 0 | I43: =التحديث!X74 -> 0 | J43: =التحديث!Y74 -> 0 | K43: =التحديث!Z74 -> 0 | ... BAC43: =التحديث!BAR74 -> 0
A44: 0 | B44: =التحديث!R80 -> الفصل الثامن | D44: =التحديث!S80 | E44: =التحديث!T80 | F44: =التحديث!U80 -> 0 | G44: =التحديث!V80 -> 0 | H44: =التحديث!W80 -> 0 | I44: =التحديث!X80 -> 0 | J44: =التحديث!Y80 -> 0 | K44: =التحديث!Z80 -> 0 | ... BAC44: =التحديث!BAR80 -> 0
A45: 2811 | B45: =التحديث!R81 -> Translation Theories and Practice | C45: 2615 | D45: =التحديث!S81 -> السبت 11:00 | E45: =التحديث!T81 -> أ. علي اغنيوه | F45: =التحديث!U81 -> 0 | G45: =التحديث!V81 -> 0 | H45: =التحديث!W81 -> 0 | I45: =التحديث!X81 -> 0 | J45: =التحديث!Y81 -> 0 | K45: =التحديث!Z81 -> 0 | ... BAC45: =التحديث!BAR81 -> 0
A46: 2812 | B46: =التحديث!R82 -> Research Project | C46: 2703 | D46: =التحديث!S82 | E46: =التحديث!T82 -> 0 | F46: =التحديث!U82 -> 0 | G46: =التحديث!V82 -> 0 | H46: =التحديث!W82 -> 0 | I46: =التحديث!X82 -> 0 | J46: =التحديث!Y82 -> 0 | K46: =التحديث!Z82 -> 0 | ... BAC46: =التحديث!BAR82 -> 0
A47: 2813 | B47: =التحديث!R83 -> Language Testing | C47: 2713 | D47: =التحديث!S83 -> الإربعاء 11:00 | E47: =التحديث!T83 -> أ. فرج الجارح | F47: =التحديث!U83 -> 0 | G47: =التحديث!V83 -> 0 | H47: =التحديث!W83 -> 0 | I47: =التحديث!X83 -> 0 | J47: =التحديث!Y83 -> 0 | K47: =التحديث!Z83 -> 0 | ... BAC47: =التحديث!BAR83 -> 0
A48: 2804 | B48: =التحديث!R84 -> English Grammar D | C48: 2714 | D48: =التحديث!S84 -> الإربعاء 01:00 | E48: =التحديث!T84 -> د. عبدالسلام الرقاص | F48: =التحديث!U84 -> 0 | G48: =التحديث!V84 -> 0 | H48: =التحديث!W84 -> 0 | I48: =التحديث!X84 -> 0 | J48: =التحديث!Y84 -> 0 | K48: =التحديث!Z84 -> 0 | ... BAC48: =التحديث!BAR84 -> 0
A49: 2815 | B49: =التحديث!R85 -> CALL | D49: =التحديث!S85 -> الإربعاء 09:00 | E49: =التحديث!T85 -> أ. فرج الجارح | F49: =التحديث!U85 -> 0 | G49: =التحديث!V85 -> 0 | H49: =التحديث!W85 -> 0 | I49: =التحديث!X85 -> 0 | J49: =التحديث!Y85 -> 0 | K49: =التحديث!Z85 -> 0 | ... BAC49: =التحديث!BAR85 -> 0
B50: =التحديث!R93 -> 0 | D50: =التحديث!S93 | E50: =التحديث!T93 | F50: =التحديث!U93 -> 0 | G50: =التحديث!V93 -> 27 | H50: =التحديث!W93 -> 16 | I50: =التحديث!X93 -> 23 | J50: =التحديث!Y93 -> 29 | K50: =التحديث!Z93 -> 33 | ... BAC50: =التحديث!BAR93 -> 0
B331: =التحديث!R374 -> 0 | D331: =التحديث!S374 -> 0 | E331: =التحديث!T374 -> 0 | F331: =التحديث!U374 -> 0 | G331: =التحديث!V374 -> 0 | H331: =التحديث!W374 -> 0 | I331: =التحديث!X374 -> 0 | J331: =التحديث!Y374 -> 0 | K331: =التحديث!Z374 -> 0 | ... BAC331: =التحديث!BAR374 -> 0
B332: =التحديث!R375 -> 0 | D332: =التحديث!S375 -> 0 | E332: =التحديث!T375 -> 0 | F332: =التحديث!U375 -> 0 | G332: =التحديث!V375 -> 0 | H332: =التحديث!W375 -> 0 | I332: =التحديث!X375 -> 0 | J332: =التحديث!Y375 -> 0 | K332: =التحديث!Z375 -> 0 | ... BAC332: =التحديث!BAR375 -> 0
B333: =التحديث!R376 -> 0 | D333: =التحديث!S376 -> 0 | E333: =التحديث!T376 -> 0 | F333: =التحديث!U376 -> 0 | G333: =التحديث!V376 -> 0 | H333: =التحديث!W376 -> 0 | I333: =التحديث!X376 -> 0 | J333: =التحديث!Y376 -> 0 | K333: =التحديث!Z376 -> 0 | ... BAC333: =التحديث!BAR376 -> 0
B334: =التحديث!R377 -> 0 | D334: =التحديث!S377 -> 0 | E334: =التحديث!T377 -> 0 | F334: =التحديث!U377 -> 0 | G334: =التحديث!V377 -> 0 | H334: =التحديث!W377 -> 0 | I334: =التحديث!X377 -> 0 | J334: =التحديث!Y377 -> 0 | K334: =التحديث!Z377 -> 0 | ... BAC334: =التحديث!BAR377 -> 0
B335: =التحديث!R378 -> 0 | D335: =التحديث!S378 -> 0 | E335: =التحديث!T378 -> 0 | F335: =التحديث!U378 -> 0 | G335: =التحديث!V378 -> 0 | H335: =التحديث!W378 -> 0 | I335: =التحديث!X378 -> 0 | J335: =التحديث!Y378 -> 0 | K335: =التحديث!Z378 -> 0 | ... BAC335: =التحديث!BAR378 -> 0
B336: =التحديث!R379 -> 0 | D336: =التحديث!S379 -> 0 | E336: =التحديث!T379 -> 0 | F336: =التحديث!U379 -> 0 | G336: =التحديث!V379 -> 0 | H336: =التحديث!W379 -> 0 | I336: =التحديث!X379 -> 0 | J336: =التحديث!Y379 -> 0 | K336: =التحديث!Z379 -> 0 | ... BAC336: =التحديث!BAR379 -> 0
B337: =التحديث!R380 -> 0 | D337: =التحديث!S380 -> 0 | E337: =التحديث!T380 -> 0 | F337: =التحديث!U380 -> 0 | G337: =التحديث!V380 -> 0 | H337: =التحديث!W380 -> 0 | I337: =التحديث!X380 -> 0 | J337: =التحديث!Y380 -> 0 | K337: =التحديث!Z380 -> 0 | ... BAC337: =التحديث!BAR380 -> 0

Sheet بيانات الطلبة
A1: الرقم الجامعي | B1: اسم الطالب | C1: البرنامج | D1: الحالة
A2: =التحديث!O2 -> 4800 | B2: =التحديث!P2 -> أسماء يوسف حمد | C2: اللغة الانجليزية | D2: منتظم
A3: =التحديث!O3 -> 4808 | B3: =التحديث!P3 -> يوسف عبد المنعم أحمد سرحان | C3: اللغة الانجليزية | D3: منتظم
A4: =التحديث!O4 -> 4811 | B4: =التحديث!P4 -> ندى مفتاح حمد | C4: اللغة الانجليزية | D4: منتظم
A5: =التحديث!O5 -> 5163 | B5: =التحديث!P5 -> سماح فتاح جيدالله سعد | C5: اللغة الانجليزية | D5: منتظم
A6: =التحديث!O6 -> 5183 | B6: =التحديث!P6 -> عائشة سعد لطفي | C6: اللغة الانجليزية | D6: منتظم
A7: =التحديث!O7 -> 5219 | B7: =التحديث!P7 -> فاطمة عمر امعزب | C7: اللغة الانجليزية | D7: منتظم
A8: =التحديث!O8 -> 5249 | B8: =التحديث!P8 -> هاجر عبدالجليل محمد صالح | C8: اللغة الانجليزية | D8: منتظم
A9: =التحديث!O9 -> 5251 | B9: =التحديث!P9 -> وداد عبدالسلام مختار محمد | C9: اللغة الانجليزية | D9: منتظم
A10: =التحديث!O10 -> 5263 | B10: =التحديث!P10 -> محمد يونس محمد بوسيف | C10: اللغة الانجليزية | D10: منتظم
A11: =التحديث!O11 -> 5271 | B11: =التحديث!P11 -> سلوى الصالحين موسى | C11: اللغة الانجليزية | D11: منتظم
A12: =التحديث!O12 -> 5277 | B12: =التحديث!P12 -> مبروكة بشير صالح محمد | C12: اللغة الانجليزية | D12: منتظم
A13: =التحديث!O13 -> 5460 | B13: =التحديث!P13 -> أروى يوسف سعد الطالب | C13: اللغة الانجليزية | D13: منتظم
... A700: =التحديث!O700 -> 0 | B700: =التحديث!P700 -> 0 | C700: اللغة الانجليزية | D700: منتظم

Sheet الجدول
A1: 444 | B1: 0 | C1: الجدول | D1: أستاذ المادة | E1: الوحدات
A2: =التحديث!K2 -> 0 | B2: =التحديث!L2 -> 0 | C2: =التحديث!M2 -> 0 | D2: =التحديث!N2 -> 0
A3: =التحديث!K3 -> 100 | B3: =التحديث!L3 -> اللغة العربية | C3: =التحديث!M3 -> الثلاثاء 11:00 | D3: =التحديث!N3 -> أ. سالم علي | E3: 3
A4: =التحديث!K4 -> 2111 | B4: =التحديث!L4 -> Listening and Speaking A | C4: =التحديث!M4 -> الإثنين 11:00 | D4: =التحديث!N4 -> أ. يونس مصطفى | E4: 4
A5: =التحديث!K5 -> 2112 | B5: =التحديث!L5 -> Reading Comprehension A | C5: =التحديث!M5 -> الإثنين 09:00 | D5: =التحديث!N5 -> أ. يونس مصطفى | E5: 3
A6: =التحديث!K6 -> 2113 | B6: =التحديث!L6 -> Writing A | C6: =التحديث!M6 -> السبت 11:00 | D6: =التحديث!N6 -> أ. فرج مالك | E6: 3
A7: =التحديث!K7 -> 2114 | B7: =التحديث!L7 -> English Grammar A | C7: =التحديث!M7 -> الخميس 11:00 | D7: =التحديث!N7 -> أ. الشريف الملاح | E7: 3
A8: =التحديث!K8 -> 0 | B8: =التحديث!L8 -> 0 | C8: =التحديث!M8 | D8: =التحديث!N8
A9: =التحديث!K9 -> 0 | B9: =التحديث!L9 -> 0 | C9: =التحديث!M9 | D9: =التحديث!N9
A10: =التحديث!K10 -> 0 | B10: =التحديث!L10 -> 0 | C10: =التحديث!M10 | D10: =التحديث!N10
A11: =التحديث!K11 -> 0 | B11: =التحديث!L11 -> 0 | C11: =التحديث!M11 | D11: =التحديث!N11
A12: =التحديث!K12 -> 0 | B12: =التحديث!L12 -> 0 | C12: =التحديث!M12 | D12: =التحديث!N12
A13: =التحديث!K13 -> 0 | B13: =التحديث!L13 -> الفصل الثاني | C13: =التحديث!M13 | D13: =التحديث!N13
A14: =التحديث!K14 -> 2305 | B14: =التحديث!L14 -> Listening and Speaking B | C14: =التحديث!M14 | D14: =التحديث!N14 -> 0 | E14: 4
A15: =التحديث!K15 -> 2302 | B15: =التحديث!L15 -> Reading Comprehension B | C15: =التحديث!M15 | D15: =التحديث!N15 -> 0 | E15: 3
A16: =التحديث!K16 -> 2303 | B16: =التحديث!L16 -> Writing B | C16: =التحديث!M16 -> السبت 09:00 | D16: =التحديث!N16 -> أ. خديجة العشيبي | E16: 3
A17: =التحديث!K17 -> 2304 | B17: =التحديث!L17 -> English Grammar B | C17: =التحديث!M17 -> الإربعاء 09:00 | D17: =التحديث!N17 -> د. عبدالسلام الرقاص | E17: 3
A18: =التحديث!K18 -> 2201 | B18: =التحديث!L18 -> Pronunciation | C18: =التحديث!M18 | D18: =التحديث!N18 -> 0 | E18: 3
A19: =التحديث!K19 -> 0 | B19: =التحديث!L19 -> 0 | C19: =التحديث!M19 | D19: =التحديث!N19
A20: =التحديث!K20 -> 0 | B20: =التحديث!L20 -> 0 | C20: =التحديث!M20 | D20: =التحديث!N20
A21: =التحديث!K21 -> 0 | B21: =التحديث!L21 -> 0 | C21: =التحديث!M21 | D21: =التحديث!N21
A22: =التحديث!K22 -> 0 | B22: =التحديث!L22 -> 0 | C22: =التحديث!M22 | D22: =التحديث!N22
A23: =التحديث!K23 -> 0 | B23: =التحديث!L23 -> 0 | C23: =التحديث!M23 | D23: =التحديث!N23
A24: =التحديث!K24 -> 0 | B24: =التحديث!L24 -> 0 | C24: =التحديث!M24 | D24: =التحديث!N24
A25: =التحديث!K25 -> 0 | B25: =التحديث!L25 -> الفصل الثالث | C25: =التحديث!M25 | D25: =التحديث!N25
A26: =التحديث!K26 -> 1102 | B26: =التحديث!L26 -> التطبيقات اللغوية | C26: =التحديث!M26 -> الثلاثاء 09:00 | D26: =التحديث!N26 -> أ. سالم علي | E26: 3
A27: =التحديث!K27 -> 2311 | B27: =التحديث!L27 -> Listening and Speaking C | C27: =التحديث!M27 -> الخميس 09:00 | D27: =التحديث!N27 -> أ. آية ثابت | E27: 4
A28: =التحديث!K28 -> 2402 | B28: =التحديث!L28 -> Reading Comprehension C | C28: =التحديث!M28 -> الإثنين 01:00 | D28: =التحديث!N28 -> أ. يونس مصطفى | E28: 3
A29: =التحديث!K29 -> 2313 | B29: =التحديث!L29 -> Academic Writing | C29: =التحديث!M29 -> الإربعاء 11:00 | D29: =التحديث!N29 -> د. عبدالسلام الرقاص | E29: 4
A30: =التحديث!K30 -> 2504 | B30: =التحديث!L30 -> English Grammar C | C30: =التحديث!M30 -> الإثنين 09:00 | D30: =التحديث!N30 -> أ. أسامة سعد | E30: 3
A31: =التحديث!K31 -> 0 | B31: =التحديث!L31 -> 0 | C31: =التحديث!M31 | D31: =التحديث!N31
A32: =التحديث!K32 -> 0 | B32: =التحديث!L32 -> 0 | C32: =التحديث!M32 | D32: =التحديث!N32
A33: =التحديث!K33 -> 0 | B33: =التحديث!L33 -> 0 | C33: =التحديث!M33 | D33: =التحديث!N33
A34: =التحديث!K34 -> 0 | B34: =التحديث!L34 -> 0 | C34: =التحديث!M34 | D34: =التحديث!N34
A35: =التحديث!K35 -> 0 | B35: =التحديث!L35 -> 0 | C35: =التحديث!M35 | D35: =التحديث!N35
A36: =التحديث!K36 -> 0 | B36: =التحديث!L36 -> الفصل الرابع | C36: =التحديث!M36 | D36: =التحديث!N36
A37: =التحديث!K37 -> 2301 | B37: =التحديث!L37 -> Introduction to Linguistics | C37: =التحديث!M37 -> الأحد 09:00 | D37: =التحديث!N37 -> أ. الشريف الملاح | E37: 4
A38: =التحديث!K38 -> 2404 | B38: =التحديث!L38 -> Introduction to Translation | C38: =التحديث!M38 | D38: =التحديث!N38 -> 0 | E38: 4
A39: =التحديث!K39 -> 2202 | B39: =التحديث!L39 -> Introduction to English Literature | C39: =التحديث!M39 | D39: =التحديث!N39 -> 0 | E39: 3
A40: =التحديث!K40 -> 3110 | B40: =التحديث!L40 -> الحضارة العربية الإسلامية | C40: =التحديث!M40 -> الثلاثاء 11:00 | D40: =التحديث!N40 -> 0 | E40: 3
A41: =التحديث!K41 -> 10101 | B41: =التحديث!L41 -> علم النفس العام | C41: =التحديث!M41 -> الأحد 11:00 | D41: =التحديث!N41 -> 0 | E41: 3
A42: =التحديث!K42 -> 0 | B42: =التحديث!L42 -> 0 | C42: =التحديث!M42 | D42: =التحديث!N42
A43: =التحديث!K43 -> 0 | B43: =التحديث!L43 -> 0 | C43: =التحديث!M43 | D43: =التحديث!N43
A44: =التحديث!K44 -> 0 | B44: =التحديث!L44 -> 0 | C44: =التحديث!M44 | D44: =التحديث!N44
A45: =التحديث!K45 -> 0 | B45: =التحديث!L45 -> 0 | C45: =التحديث!M45 | D45: =التحديث!N45
A46: =التحديث!K46 -> 0 | B46: =التحديث!L46 -> 0 | C46: =التحديث!M46 | D46: =التحديث!N46
A47: =التحديث!K47 -> 0 | B47: =التحديث!L47 -> الفصل الخامس | C47: =التحديث!M47 | D47: =التحديث!N47
A48: =التحديث!K48 -> 2401 | B48: =التحديث!L48 -> Literary Readings A | C48: =التحديث!M48 -> السبت 01:00 | D48: =التحديث!N48 -> أ. فرج مالك | E48: 3
A49: =التحديث!K49 -> 2512 | B49: =التحديث!L49 -> Phonetics and Phonology | C49: =التحديث!M49 -> الخميس 09:00 | D49: =التحديث!N49 -> أ. الشريف الملاح | E49: 3
A50: =التحديث!K50 -> 2513 | B50: =التحديث!L50 -> Language Acquisition | C50: =التحديث!M50 -> الخميس 11:00 | D50: =التحديث!N50 -> أ. آية ثابت | E50: 4
A51: =التحديث!K51 -> 2514 | B51: =التحديث!L51 -> English / Arabic Translation | C51: =التحديث!M51 -> السبت 09:00 | D51: =التحديث!N51 -> أ. علي اغنيوه | E51: 3
A52: =التحديث!K52 -> 2515 | B52: =التحديث!L52 -> Psycho. Linguistics | C52: =التحديث!M52 -> السبت 11:00 | D52: =التحديث!N52 -> أ. خديجة العشيبي | E52: 3
A53: =التحديث!K53 -> 0 | B53: =التحديث!L53 -> 0 | C53: =التحديث!M53 | D53: =التحديث!N53
A54: =التحديث!K54 -> 0 | B54: =التحديث!L54 -> 0 | C54: =التحديث!M54 | D54: =التحديث!N54
A55: =التحديث!K55 -> 0 | B55: =التحديث!L55 -> 0 | C55: =التحديث!M55 | D55: =التحديث!N55
A56: =التحديث!K56 -> 0 | B56: =التحديث!L56 -> 0 | C56: =التحديث!M56 | D56: =التحديث!N56
A57: =التحديث!K57 -> 0 | B57: =التحديث!L57 -> 0 | C57: =التحديث!M57 | D57: =التحديث!N57
A58: =التحديث!K58 -> 0 | B58: =التحديث!L58 -> الفصل السادس | C58: =التحديث!M58 | D58: =التحديث!N58
A59: =التحديث!K59 -> 2701 | B59: =التحديث!L59 -> Teaching Methodology and Strategies | C59: =التحديث!M59 | D59: =التحديث!N59 -> 0 | E59: 4
A60: =التحديث!K60 -> 2502 | B60: =التحديث!L60 -> Literary Readings B | C60: =التحديث!M60 | D60: =التحديث!N60 -> 0 | E60: 3
A61: =التحديث!K61 -> 2603 | B61: =التحديث!L61 -> Introduction to ESP | C61: =التحديث!M61 -> السبت 01:00 | D61: =التحديث!N61 -> أ. خديجة العشيبي | E61: 3
A62: =التحديث!K62 -> 2614 | B62: =التحديث!L62 -> Lexicography | C62: =التحديث!M62 -> السبت 09:00 | D62: =التحديث!N62 -> أ. فرج مالك | E62: 3
A63: =التحديث!K63 -> 2615 | B63: =التحديث!L63 -> Arabic / English Translation | C63: =التحديث!M63 | D63: =التحديث!N63 -> 0 | E63: 3
A64: =التحديث!K64 -> 0 | B64: =التحديث!L64 -> 0 | C64: =التحديث!M64 | D64: =التحديث!N64
A65: =التحديث!K65 -> 0 | B65: =التحديث!L65 -> 0 | C65: =التحديث!M65 | D65: =التحديث!N65
A66: =التحديث!K66 -> 0 | B66: =التحديث!L66 -> 0 | C66: =التحديث!M66 | D66: =التحديث!N66
A67: =التحديث!K67 -> 0 | B67: =التحديث!L67 -> 0 | C67: =التحديث!M67 | D67: =التحديث!N67
A68: =التحديث!K68 -> 0 | B68: =التحديث!L68 -> 0 | C68: =التحديث!M68 | D68: =التحديث!N68
A69: =التحديث!K69 -> 0 | B69: =التحديث!L69 -> الفصل السابع | C69: =التحديث!M69 | D69: =التحديث!N69
A70: =التحديث!K70 -> 2711 | B70: =التحديث!L70 -> Introduction to Syllabus Design | C70: =التحديث!M70 | D70: =التحديث!N70 -> 0 | E70: 3
A71: =التحديث!K71 -> 2703 | B71: =التحديث!L71 -> Research Methodology | C71: =التحديث!M71 -> الخميس 11:00 | D71: =التحديث!N71 -> أ. فرج الجارح | E71: 3
A72: =التحديث!K72 -> 2713 | B72: =التحديث!L72 -> Teaching Language Skills | C72: =التحديث!M72 -> الخميس 09:00 | D72: =التحديث!N72 -> أ. فرج الجارح | E72: 3
A73: =التحديث!K73 -> 2714 | B73: =التحديث!L73 -> Contrastive Grammar | C73: =التحديث!M73 | D73: =التحديث!N73 -> 0 | E73: 3
A74: =التحديث!K74 -> 2704 | B74: =التحديث!L74 -> Semantics | C74: =التحديث!M74 -> الأحد 11:00 | D74: =التحديث!N74 -> أ. الشريف الملاح | E74: 3
A75: =التحديث!K75 -> 0 | B75: =التحديث!L75 -> 0 | C75: =التحديث!M75 | D75: =التحديث!N75
A76: =التحديث!K76 -> 0 | B76: =التحديث!L76 -> 0 | C76: =التحديث!M76 | D76: =التحديث!N76
A77: =التحديث!K77 -> 0 | B77: =التحديث!L77 -> 0 | C77: =التحديث!M77 | D77: =التحديث!N77
A78: =التحديث!K78 -> 0 | B78: =التحديث!L78 -> 0 | C78: =التحديث!M78 | D78: =التحديث!N78
A79: =التحديث!K79 -> 0 | B79: =التحديث!L79 -> 0 | C79: =التحديث!M79 | D79: =التحديث!N79
A80: =التحديث!K80 -> 0 | B80: =التحديث!L80 -> الفصل الثامن | C80: =التحديث!M80 | D80: =التحديث!N80
A81: =التحديث!K81 -> 2811 | B81: =التحديث!L81 -> Translation Theories and Practice | C81: =التحديث!M81 -> السبت 11:00 | D81: =التحديث!N81 -> أ. علي اغنيوه | E81: 3
A82: =التحديث!K82 -> 2812 | B82: =التحديث!L82 -> Research Project | C82: =التحديث!M82 | D82: =التحديث!N82 -> 0 | E82: 4
A83: =التحديث!K83 -> 2813 | B83: =التحديث!L83 -> Language Testing | C83: =التحديث!M83 -> الإربعاء 11:00 | D83: =التحديث!N83 -> أ. فرج الجارح | E83: 4
A84: =التحديث!K84 -> 2804 | B84: =التحديث!L84 -> English Grammar D | C84: =التحديث!M84 -> الإربعاء 01:00 | D84: =التحديث!N84 -> د. عبدالسلام الرقاص | E84: 4
A85: =التحديث!K85 -> 2815 | B85: =التحديث!L85 -> CALL | C85: =التحديث!M85 -> الإربعاء 09:00 | D85: =التحديث!N85 -> أ. فرج الجارح | E85: 3
A86: =التحديث!K86 -> 2110 | B86: =التحديث!L86 -> اللغة الفرنسية | C86: =التحديث!M86 | D86: =التحديث!N86
A87: =التحديث!K87 -> 2403 | B87: =التحديث!L87 -> Essay Writing | C87: =التحديث!M87 | D87: =التحديث!N87
A88: =التحديث!K88 -> 2505 | B88: =التحديث!L88 -> Introduction to Applied Linguistics | C88: =التحديث!M88 | D88: =التحديث!N88
A89: =التحديث!K89 -> 2602 | B89: =التحديث!L89 -> Introduction to African Literature | C89: =التحديث!M89 | D89: =التحديث!N89
A90: =التحديث!K90 -> 2702 | B90: =التحديث!L90 -> Introduction to American Literature | C90: =التحديث!M90 | D90: =التحديث!N90
A91: =التحديث!K91 -> 0 | B91: =التحديث!L91 -> 0 | C91: =التحديث!M91 | D91: =التحديث!N91
A92: =التحديث!K92 -> 0 | B92: =التحديث!L92 -> 0 | C92: =التحديث!M92 | D92: =التحديث!N92
A93: =التحديث!K93 -> 0 | B93: =التحديث!L93 -> 0 | C93: =التحديث!M93 | D93: =التحديث!N93
A94: =التحديث!K94 -> 0 | B94: =التحديث!L94 -> 0 | C94: =التحديث!M94 -> 0 | D94: =التحديث!N94 -> 0
A95: =التحديث!K95 -> 0 | B95: =التحديث!L95 -> 0 | C95: =التحديث!M95 -> 0 | D95: =التحديث!N95 -> 0
A96: =التحديث!K96 -> 0 | B96: =التحديث!L96 -> 0 | C96: =التحديث!M96 -> 0 | D96: =التحديث!N96 -> 0
A97: =التحديث!K97 -> 0 | B97: =التحديث!L97 -> 0 | C97: =التحديث!M97 -> 0 | D97: =التحديث!N97 -> 0
... A111: =التحديث!K111 -> 0 | B111: =التحديث!L111 -> 0 | C111: =التحديث!M111 -> 0 | D111: =التحديث!N111 -> 0

Sheet التحديث
A1: student ID | B1: 1st | C1: 2nd | D1: 3rd | E1: 4th | F1: 5th | G1: 6th | H1: 7th | K1: 0 | L1: 0 | M1: الجدول | N1: أستاذ المادة | O1: الرقم الدراسي | P1: الاسم | Q1: 0 | R1: 0 | S1: الجدول | T1: أستاذ المادة | U1: بحث | V1: 1 | W1: 2 | X1: 3 | Y1: 4 | Z1: 5 | AA1: 6 | AB1: 7 | AC1: 8 | AD1: 9 | AE1: 10 | AF1: 11 | AG1: 12 | AH1: 13 | AI1: 14 | AJ1: 15 | AK1: 16 | AL1: 17 | AM1: 18 | AN1: 19 | AO1: 20 | AP1: 21 | AQ1: 22 | AR1: 23 | AS1: 24 | AT1: 25 | AU1: 26 | AV1: 27 | AW1: 28 | AX1: 29 | AY1: 30 | AZ1: 31 | BA1: 32 | BB1: 33 | BC1: 34 | BD1: 35 | BE1: 36 | BF1: 37 | BG1: 38 | BH1: 39 | BI1: 40 | BJ1: 41 | BK1: 42 | BL1: 43 | BM1: 44 | BN1: 45 | BO1: 46 | BP1: 47 | BQ1: 48 | BR1: 49 | BS1: 50 | BT1: 51 | BU1: 52 | BV1: 53 | BW1: 54 | BX1: 55 | BY1: 56 | BZ1: 57 | CA1: 58 | CB1: 59 | CC1: 60 | CD1: 61 | CE1: 62 | CF1: 63 | CG1: 64 | CH1: 65 | CI1: 66 | CJ1: 67 | CK1: 68 | CL1: 69 | CM1: 70 | CN1: 71 | CO1: 72 | CP1: 73 | CQ1: 74 | CR1: 75 | CS1: 76 | CT1: 77 | CU1: 78 | CV1: 79 | CW1: 80 | CX1: 81 | CY1: 82 | CZ1: 83 | DA1: 84 | DB1: 85 | DC1: 86 | DD1: 87 | DE1: 88 | DF1: 89 | DG1: 90 | DH1: 91 | DI1: 92 | DJ1: 93 | DK1: 94 | DL1: 95 | DM1: 96 | DN1: 97 | DO1: 98 | DP1: 99 | DQ1: 100 | DR1: 101 | DS1: 102 | DT1: 103 | DU1: 104 | DV1: 105 | DW1: 106 | DX1: 107 | DY1: 108 | DZ1: 109 | EA1: 110 | EB1: 111 | EC1: 112 | ED1: 113 | EE1: 114 | EF1: 115 | EG1: 116 | EH1: 117 | EI1: 118 | EJ1: 119 | EK1: 120 | EL1: 121 | EM1: 122 | EN1: 123 | EO1: 124 | EP1: 125 | EQ1: 126 | ER1: 127 | ES1: 128 | ET1: 129 | EU1: 130 | EV1: 131 | EW1: 132 | EX1: 133 | EY1: 134 | EZ1: 135 | FA1: 136 | FB1: 137 | FC1: 138 | FD1: 139 | FE1: 140 | FF1: 141 | FG1: 142 | FH1: 143 | FI1: 144 | FJ1: 145 | FK1: 146 | FL1: 147 | FM1: 148 | FN1: 149 | FO1: 150 | FP1: 151 | FQ1: 152 | FR1: 153 | FS1: 154 | FT1: 155 | FU1: 156 | FV1: 157 | FW1: 158 | FX1: 159 | FY1: 160 | FZ1: 161 | GA1: 162 | GB1: 163 | GC1: 164 | GD1: 165 | GE1: 166 | GF1: 167 | GG1: 168 | GH1: 169 | GI1: 170 | GJ1: 171 | GK1: 172 | GL1: 173 | GM1: 174 | GN1: 175 | GO1: 176 | GP1: 177 | GQ1: 178 | GR1: 179 | GS1: 180 | GT1: 181 | GU1: 182 | GV1: 183 | GW1: 184 | GX1: 185 | GY1: 186 | GZ1: 187 | HA1: 188 | HB1: 189 | HC1: 190 | HD1: 191 | HE1: 192 | HF1: 193 | HG1: 194 | HH1: 195 | HI1: 196 | HJ1: 197 | HK1: 198 | HL1: 199 | HM1: 200 | HN1: 201 | HO1: 202 | HP1: 203 | HQ1: 204 | HR1: 205 | HS1: 206 | HT1: 207 | HU1: 208 | HV1: 209 | HW1: 210 | HX1: 211 | HY1: 212 | HZ1: 213 | IA1: 214 | IB1: 215 | IC1: 216 | ID1: 217 | IE1: 218 | IF1: 219 | IG1: 220 | IH1: 221 | II1: 222 | IJ1: 223 | IK1: 224 | IL1: 225 | IM1: 226 | IN1: 227 | IO1: 228 | IP1: 229 | IQ1: 230 | IR1: 231 | IS1: 232 | IT1: 233 | IU1: 234 | IV1: 235 | IW1: 236 | IX1: 237 | IY1: 238 | IZ1: 239 | JA1: 240 | JB1: 241 | JC1: 242 | JD1: 243 | JE1: 244 | JF1: 245 | JG1: 246 | JH1: 247 | JI1: 248 | JJ1: 249 | JK1: 250 | JL1: 251 | JM1: 252 | JN1: 253 | JO1: 254 | JP1: 255 | JQ1: 256 | JR1: 257 | JS1: 258 | JT1: 259 | JU1: 260 | JV1: 261 | JW1: 262 | JX1: 263 | JY1: 264 | JZ1: 265 | KA1: 266 | KB1: 267 | KC1: 268 | KD1: 269 | KE1: 270 | KF1: 271 | KG1: 272 | KH1: 273 | KI1: 274 | KJ1: 275 | KK1: 276 | KL1: 277 | KM1: 278 | KN1: 279 | KO1: 280 | KP1: 281 | KQ1: 282 | KR1: 283 | KS1: 284 | KT1: 285 | KU1: 286 | KV1: 287 | KW1: 288 | KX1: 289 | KY1: 290 | KZ1: 291 | LA1: 292 | LB1: 293 | LC1: 294 | LD1: 295 | LE1: 296 | LF1: 297 | LG1: 298 | LH1: 299 | LI1: 300 | LJ1: 301 | LK1: 302 | LL1: 303 | LM1: 304 | LN1: 305 | LO1: 306 | LP1: 307 | LQ1: 308 | LR1: 309 | LS1: 310 | LT1: 311 | LU1: 312 | LV1: 313 | LW1: 314 | LX1: 315 | LY1: 316 | LZ1: 317 | MA1: 318 | MB1: 319 | MC1: 320 | MD1: 321 | ME1: 322 | MF1: 323 | MG1: 324 | MH1: 325 | MI1: 326 | MJ1: 327 | MK1: 328 | ML1: 329 | MM1: 330 | MN1: 331 | MO1: 332 | MP1: 333 | MQ1: 334 | MR1: 335 | MS1: 336 | MT1: 337 | MU1: 338 | MV1: 339 | MW1: 340 | MX1: 341 | MY1: 342 | MZ1: 343 | NA1: 344 | NB1: 345 | NC1: 346 | ND1: 347 | NE1: 348 | NF1: 349 | NG1: 350 | NH1: 351 | NI1: 352 | NJ1: 353 | NK1: 354 | NL1: 355 | NM1: 356 | NN1: 357 | NO1: 358 | NP1: 359 | NQ1: 360 | NR1: 361 | NS1: 362 | NT1: 363 | NU1: 364 | NV1: 365 | NW1: 366 | NX1: 367 | NY1: 368 | NZ1: 369 | OA1: 370 | OB1: 371 | OC1: 372 | OD1: 373 | OE1: 374 | OF1: 375 | OG1: 376 | OH1: 377 | OI1: 378 | OJ1: 379 | OK1: 380 | OL1: 381 | OM1: 382 | ON1: 383 | OO1: 384 | OP1: 385 | OQ1: 386 | OR1: 387 | OS1: 388 | OT1: 389 | OU1: 390 | OV1: 391 | OW1: 392 | OX1: 393 | OY1: 394 | OZ1: 395 | PA1: 396 | PB1: 397 | PC1: 398 | PD1: 399 | PE1: 400 | PF1: 401 | PG1: 402 | PH1: 403 | PI1: 404 | PJ1: 405 | PK1: 406 | PL1: 407 | PM1: 408 | PN1: 409 | PO1: 410 | PP1: 411 | PQ1: 412 | PR1: 413 | PS1: 414 | PT1: 415 | PU1: 416 | PV1: 417 | PW1: 418 | PX1: 419 | PY1: 420 | PZ1: 421 | QA1: 422 | QB1: 423 | QC1: 424 | QD1: 425 | QE1: 426 | QF1: 427 | QG1: 428 | QH1: 429 | QI1: 430 | QJ1: 431 | QK1: 432 | QL1: 433 | QM1: 434 | QN1: 435 | QO1: 436 | QP1: 437 | QQ1: 438 | QR1: 439 | QS1: 440 | QT1: 441 | QU1: 442 | QV1: 443 | QW1: 444 | QX1: 445 | QY1: 446 | QZ1: 447 | RA1: 448 | RB1: 449 | RC1: 450 | RD1: 451 | RE1: 452 | RF1: 453 | RG1: 454 | RH1: 455 | RI1: 456 | RJ1: 457 | RK1: 458 | RL1: 459 | RM1: 460 | RN1: 461 | RO1: 462 | RP1: 463 | RQ1: 464 | RR1: 465 | RS1: 466 | RT1: 467 | RU1: 468 | RV1: 469 | RW1: 470 | RX1: 471 | RY1: 472 | RZ1: 473 | SA1: 474 | SB1: 475 | SC1: 476 | SD1: 477 | SE1: 478 | SF1: 479 | SG1: 480 | SH1: 481 | SI1: 482 | SJ1: 483 | SK1: 484 | SL1: 485 | SM1: 486 | SN1: 487 | SO1: 488 | SP1: 489 | SQ1: 490 | SR1: 491 | SS1: 492 | ST1: 493 | SU1: 494 | SV1: 495 | SW1: 496 | SX1: 497 | SY1: 498 | SZ1: 499 | TA1: 500 | TB1: 501 | TC1: 502 | TD1: 503 | TE1: 504 | TF1: 505 | TG1: 506 | TH1: 507 | TI1: 508 | TJ1: 509 | TK1: 510 | TL1: 511 | TM1: 512 | TN1: 513 | TO1: 514 | TP1: 515 | TQ1: 516 | TR1: 517 | TS1: 518 | TT1: 519 | TU1: 520 | TV1: 521 | TW1: 522 | TX1: 523 | TY1: 524 | TZ1: 525 | UA1: 526 | UB1: 527 | UC1: 528 | UD1: 529 | UE1: 530 | UF1: 531 | UG1: 532 | UH1: 533 | UI1: 534 | UJ1: 535 | UK1: 536 | UL1: 537 | UM1: 538 | UN1: 539 | UO1: 540 | UP1: 541 | UQ1: 542 | UR1: 543 | US1: 544 | UT1: 545 | UU1: 546 | UV1: 547 | UW1: 548 | UX1: 549 | UY1: 550 | UZ1: 551 | VA1: 552 | VB1: 553 | VC1: 554 | VD1: 555 | VE1: 556 | VF1: 557 | VG1: 558 | VH1: 559 | VI1: 560 | VJ1: 561 | VK1: 562 | VL1: 563 | VM1: 564 | VN1: 565 | VO1: 566 | VP1: 567 | VQ1: 568 | VR1: 569 | VS1: 570 | VT1: 571 | VU1: 572 | VV1: 573 | VW1: 574 | VX1: 575 | VY1: 576 | VZ1: 577 | WA1: 578 | WB1: 579 | WC1: 580 | WD1: 581 | WE1: 582 | WF1: 583 | WG1: 584 | WH1: 585 | WI1: 586 | WJ1: 587 | WK1: 588 | WL1: 589 | WM1: 590 | WN1: 591 | WO1: 592 | WP1: 593 | WQ1: 594 | WR1: 595 | WS1: 596 | WT1: 597 | WU1: 598 | WV1: 599 | WW1: 600 | WX1: 601 | WY1: 602 | WZ1: 603 | XA1: 604 | XB1: 605 | XC1: 606 | XD1: 607 | XE1: 608 | XF1: 609 | XG1: 610 | XH1: 611 | XI1: 612 | XJ1: 613 | XK1: 614 | XL1: 615 | XM1: 616 | XN1: 617 | XO1: 618 | XP1: 619 | XQ1: 620 | XR1: 621 | XS1: 622 | XT1: 623 | XU1: 624 | XV1: 625 | XW1: 626 | XX1: 627 | XY1: 628 | XZ1: 629 | YA1: 630 | YB1: 631 | YC1: 632 | YD1: 633 | YE1: 634 | YF1: 635 | YG1: 636 | YH1: 637 | YI1: 638 | YJ1: 639 | YK1: 640 | YL1: 641 | YM1: 642 | YN1: 643 | YO1: 644 | YP1: 645 | YQ1: 646 | YR1: 647 | YS1: 648 | YT1: 649 | YU1: 650 | YV1: 651 | YW1: 652 | YX1: 653 | YY1: 654 | YZ1: 655 | ZA1: 656 | ZB1: 657 | ZC1: 658 | ZD1: 659 | ZE1: 660 | ZF1: 661 | ZG1: 662 | ZH1: 663 | ZI1: 664 | ZJ1: 665 | ZK1: 666 | ZL1: 667 | ZM1: 668 | ZN1: 669 | ZO1: 670 | ZP1: 671 | ZQ1: 672 | ZR1: 673 | ZS1: 674 | ZT1: 675 | ZU1: 676 | ZV1: 677 | ZW1: 678 | ZX1: 679 | ZY1: 680 | ZZ1: 681 | AAA1: 682 | AAB1: 683 | AAC1: 684 | AAD1: 685 | AAE1: 686 | AAF1: 687 | AAG1: 688 | AAH1: 689 | AAI1: 690 | AAJ1: 691 | AAK1: 692 | AAL1: 693 | AAM1: 694 | AAN1: 695 | AAO1: 696 | AAP1: 697 | AAQ1: 698 | AAR1: 699 | AAS1: 700 | AAT1: 701 | AAU1: 702 | AAV1: 703 | AAW1: 704 | AAX1: 705 | AAY1: 706 | AAZ1: 707 | ABA1: 708 | ABB1: 709 | ABC1: 710 | ABD1: 711 | ABE1: 712 | ABF1: 713 | ABG1: 714 | ABH1: 715 | ABI1: 716 | ABJ1: 717 | ABK1: 718 | ABL1: 719 | ABM1: 720 | ABN1: 721 | ABO1: 722 | ABP1: 723 | ABQ1: 724 | ABR1: 725 | ABS1: 726 | ABT1: 727 | ABU1: 728 | ABV1: 729 | ABW1: 730 | ABX1: 731 | ABY1: 732 | ABZ1: 733 | ACA1: 734 | ACB1: 735 | ACC1: 736 | ACD1: 737 | ACE1: 738 | ACF1: 739 | ACG1: 740 | ACH1: 741 | ACI1: 742 | ACJ1: 743 | ACK1: 744 | ACL1: 745 | ACM1: 746 | ACN1: 747 | ACO1: 748 | ACP1: 749 | ACQ1: 750 | ACR1: 751 | ACS1: 752 | ACT1: 753 | ACU1: 754 | ACV1: 755 | ACW1: 756 | ACX1: 757 | ACY1: 758 | ACZ1: 759 | ADA1: 760 | ADB1: 761 | ADC1: 762 | ADD1: 763 | ADE1: 764 | ADF1: 765 | ADG1: 766 | ADH1: 767 | ADI1: 768 | ADJ1: 769 | ADK1: 770 | ADL1: 771 | ADM1: 772 | ADN1: 773 | ADO1: 774 | ADP1: 775 | ADQ1: 776 | ADR1: 777 | ADS1: 778 | ADT1: 779 | ADU1: 780 | ADV1: 781 | ADW1: 782 | ADX1: 783 | ADY1: 784 | ADZ1: 785 | AEA1: 786 | AEB1: 787 | AEC1: 788 | AED1: 789 | AEE1: 790 | AEF1: 791 | AEG1: 792 | AEH1: 793 | AEI1: 794 | AEJ1: 795 | AEK1: 796 | AEL1: 797 | AEM1: 798 | AEN1: 799 | AEO1: 800 | AEP1: 801 | AEQ1: 802 | AER1: 803 | AES1: 804 | AET1: 805 | AEU1: 806 | AEV1: 807 | AEW1: 808 | AEX1: 809 | AEY1: 810 | AEZ1: 811 | AFA1: 812 | AFB1: 813 | AFC1: 814 | AFD1: 815 | AFE1: 816 | AFF1: 817 | AFG1: 818 | AFH1: 819 | AFI1: 820 | AFJ1: 821 | AFK1: 822 | AFL1: 823 | AFM1: 824 | AFN1: 825 | AFO1: 826 | AFP1: 827 | AFQ1: 828 | AFR1: 829 | AFS1: 830 | AFT1: 831 | AFU1: 832 | AFV1: 833 | AFW1: 834 | AFX1: 835 | AFY1: 836 | AFZ1: 837 | AGA1: 838 | AGB1: 839 | AGC1: 840 | AGD1: 841 | AGE1: 842 | AGF1: 843 | AGG1: 844 | AGH1: 845 | AGI1: 846 | AGJ1: 847 | AGK1: 848 | AGL1: 849 | AGM1: 850 | AGN1: 851 | AGO1: 852 | AGP1: 853 | AGQ1: 854 | AGR1: 855 | AGS1: 856 | AGT1: 857 | AGU1: 858 | AGV1: 859 | AGW1: 860 | AGX1: 861 | AGY1: 862 | AGZ1: 863 | AHA1: 864 | AHB1: 865 | AHC1: 866 | AHD1: 867 | AHE1: 868 | AHF1: 869 | AHG1: 870 | AHH1: 871 | AHI1: 872 | AHJ1: 873 | AHK1: 874 | AHL1: 875 | AHM1: 876 | AHN1: 877 | AHO1: 878 | AHP1: 879 | AHQ1: 880 | AHR1: 881 | AHS1: 882 | AHT1: 883 | AHU1: 884 | AHV1: 885 | AHW1: 886 | AHX1: 887 | AHY1: 888 | AHZ1: 889 | AIA1: 890 | AIB1: 891 | AIC1: 892 | AID1: 893 | AIE1: 894 | AIF1: 895 | AIG1: 896 | AIH1: 897 | AII1: 898 | AIJ1: 899 | AIK1: 900 | AIL1: 901 | AIM1: 902 | AIN1: 903 | AIO1: 904 | AIP1: 905 | AIQ1: 906 | AIR1: 907 | AIS1: 908 | AIT1: 909 | AIU1: 910 | AIV1: 911 | AIW1: 912 | AIX1: 913 | AIY1: 914 | AIZ1: 915 | AJA1: 916 | AJB1: 917 | AJC1: 918 | AJD1: 919 | AJE1: 920 | AJF1: 921 | AJG1: 922 | AJH1: 923 | AJI1: 924 | AJJ1: 925 | AJK1: 926 | AJL1: 927 | AJM1: 928 | AJN1: 929 | AJO1: 930 | AJP1: 931 | AJQ1: 932 | AJR1: 933 | AJS1: 934 | AJT1: 935 | AJU1: 936 | AJV1: 937 | AJW1: 938 | AJX1: 939 | AJY1: 940 | AJZ1: 941 | AKA1: 942 | AKB1: 943 | AKC1: 944 | AKD1: 945 | AKE1: 946 | AKF1: 947 | AKG1: 948 | AKH1: 949 | AKI1: 950 | AKJ1: 951 | AKK1: 952 | AKL1: 953 | AKM1: 954 | AKN1: 955 | AKO1: 956 | AKP1: 957 | AKQ1: 958 | AKR1: 959 | AKS1: 960 | AKT1: 961 | AKU1: 962 | AKV1: 963 | AKW1: 964 | AKX1: 965 | AKY1: 966 | AKZ1: 967 | ALA1: 968 | ALB1: 969 | ALC1: 970 | ALD1: 971 | ALE1: 972 | ALF1: 973 | ALG1: 974 | ALH1: 975 | ALI1: 976 | ALJ1: 977 | ALK1: 978 | ALL1: 979 | ALM1: 980 | ALN1: 981 | ALO1: 982 | ALP1: 983 | ALQ1: 984 | ALR1: 985 | ALS1: 986 | ALT1: 987 | ALU1: 988 | ALV1: 989 | ALW1: 990 | ALX1: 991 | ALY1: 992 | ALZ1: 993 | AMA1: 994 | AMB1: 995 | AMC1: 996 | AMD1: 997 | AME1: 998 | AMF1: 999 | AMG1: 1000 | AMH1: 0 | AMI1: 0 | AMJ1: 0 | AMK1: 0 | AML1: 0 | AMM1: 0 | AMN1: 0 | AMO1: 0 | AMP1: 0 | AMQ1: 0 | AMR1: 0 | AMS1: 0 | AMT1: 0 | AMU1: 0 | AMV1: 0 | AMW1: 0 | AMX1: 0 | AMY1: 0 | AMZ1: 0 | ANA1: 0 | ANB1: 0 | ANC1: 0 | AND1: 0 | ANE1: 0 | ANF1: 0 | ANG1: 0 | ANH1: 0 | ANI1: 0 | ANJ1: 0 | ANK1: 0 | ANL1: 0 | ANM1: 0 | ANN1: 0 | ANO1: 0 | ANP1: 0 | ANQ1: 0 | ANR1: 0 | ANS1: 0 | ANT1: 0 | ANU1: 0 | ANV1: 0 | ANW1: 0 | ANX1: 0 | ANY1: 0 | ANZ1: 0 | AOA1: 0 | AOB1: 0 | AOC1: 0 | AOD1: 0 | AOE1: 0 | AOF1: 0 | AOG1: 0 | AOH1: 0 | AOI1: 0 | AOJ1: 0 | AOK1: 0 | AOL1: 0 | AOM1: 0 | AON1: 0 | AOO1: 0 | AOP1: 0 | AOQ1: 0 | AOR1: 0 | AOS1: 0 | AOT1: 0 | AOU1: 0 | AOV1: 0 | AOW1: 0 | AOX1: 0 | AOY1: 0 | AOZ1: 0 | APA1: 0 | APB1: 0 | APC1: 0 | APD1: 0 | APE1: 0 | APF1: 0 | APG1: 0 | APH1: 0 | API1: 0 | APJ1: 0 | APK1: 0 | APL1: 0 | APM1: 0 | APN1: 0 | APO1: 0 | APP1: 0 | APQ1: 0 | APR1: 0 | APS1: 0 | APT1: 0 | APU1: 0 | APV1: 0 | APW1: 0 | APX1: 0 | APY1: 0 | APZ1: 0 | AQA1: 0 | AQB1: 0 | AQC1: 0 | AQD1: 0 | AQE1: 0 | AQF1: 0 | AQG1: 0 | AQH1: 0 | AQI1: 0 | AQJ1: 0 | AQK1: 0 | AQL1: 0 | AQM1: 0 | AQN1: 0 | AQO1: 0 | AQP1: 0 | AQQ1: 0 | AQR1: 0 | AQS1: 0 | AQT1: 0 | AQU1: 0 | AQV1: 0 | AQW1: 0 | AQX1: 0 | AQY1: 0 | AQZ1: 0 | ARA1: 0 | ARB1: 0 | ARC1: 0 | ARD1: 0 | ARE1: 0 | ARF1: 0 | ARG1: 0 | ARH1: 0 | ARI1: 0 | ARJ1: 0 | ARK1: 0 | ARL1: 0 | ARM1: 0 | ARN1: 0 | ARO1: 0 | ARP1: 0 | ARQ1: 0 | ARR1: 0 | ARS1: 0 | ART1: 0 | ARU1: 0 | ARV1: 0 | ARW1: 0 | ARX1: 0 | ARY1: 0 | ARZ1: 0 | ASA1: 0 | ASB1: 0 | ASC1: 0 | ASD1: 0 | ASE1: 0 | ASF1: 0 | ASG1: 0 | ASH1: 0 | ASI1: 0 | ASJ1: 0 | ASK1: 0 | ASL1: 0 | ASM1: 0 | ASN1: 0 | ASO1: 0 | ASP1: 0 | ASQ1: 0 | ASR1: 0 | ASS1: 0 | AST1: 0 | ASU1: 0 | ASV1: 0 | ASW1: 0 | ASX1: 0 | ASY1: 0 | ASZ1: 0 | ATA1: 0 | ATB1: 0 | ATC1: 0 | ATD1: 0 | ATE1: 0 | ATF1: 0 | ATG1: 0 | ATH1: 0 | ATI1: 0 | ATJ1: 0 | ATK1: 0 | ATL1: 0 | ATM1: 0 | ATN1: 0 | ATO1: 0 | ATP1: 0 | ATQ1: 0 | ATR1: 0 | ATS1: 0 | ATT1: 0 | ATU1: 0 | ATV1: 0 | ATW1: 0 | ATX1: 0 | ATY1: 0 | ATZ1: 0 | AUA1: 0 | AUB1: 0 | AUC1: 0 | AUD1: 0 | AUE1: 0 | AUF1: 0 | AUG1: 0 | AUH1: 0 | AUI1: 0 | AUJ1: 0 | AUK1: 0 | AUL1: 0 | AUM1: 0 | AUN1: 0 | AUO1: 0 | AUP1: 0 | AUQ1: 0 | AUR1: 0 | AUS1: 0 | AUT1: 0 | AUU1: 0 | AUV1: 0 | AUW1: 0 | AUX1: 0 | AUY1: 0 | AUZ1: 0 | AVA1: 0 | AVB1: 0 | AVC1: 0 | AVD1: 0 | AVE1: 0 | AVF1: 0 | AVG1: 0 | AVH1: 0 | AVI1: 0 | AVJ1: 0 | AVK1: 0 | AVL1: 0 | AVM1: 0 | AVN1: 0 | AVO1: 0 | AVP1: 0 | AVQ1: 0 | AVR1: 0 | AVS1: 0 | AVT1: 0 | AVU1: 0 | AVV1: 0 | AVW1: 0 | AVX1: 0 | AVY1: 0 | AVZ1: 0 | AWA1: 0 | AWB1: 0 | AWC1: 0 | AWD1: 0 | AWE1: 0 | AWF1: 0 | AWG1: 0 | AWH1: 0 | AWI1: 0 | AWJ1: 0 | AWK1: 0 | AWL1: 0 | AWM1: 0 | AWN1: 0 | AWO1: 0 | AWP1: 0 | AWQ1: 0 | AWR1: 0 | AWS1: 0 | AWT1: 0 | AWU1: 0 | AWV1: 0 | AWW1: 0 | AWX1: 0 | AWY1: 0 | AWZ1: 0 | AXA1: 0 | AXB1: 0 | AXC1: 0 | AXD1: 0 | AXE1: 0 | AXF1: 0 | AXG1: 0 | AXH1: 0 | AXI1: 0 | AXJ1: 0 | AXK1: 0 | AXL1: 0 | AXM1: 0 | AXN1: 0 | AXO1: 0 | AXP1: 0 | AXQ1: 0 | AXR1: 0 | AXS1: 0 | AXT1: 0 | AXU1: 0 | AXV1: 0 | AXW1: 0 | AXX1: 0 | AXY1: 0 | AXZ1: 0 | AYA1: 0 | AYB1: 0 | AYC1: 0 | AYD1: 0 | AYE1: 0 | AYF1: 0 | AYG1: 0 | AYH1: 0 | AYI1: 0 | AYJ1: 0 | AYK1: 0 | AYL1: 0 | AYM1: 0 | AYN1: 0 | AYO1: 0 | AYP1: 0 | AYQ1: 0 | AYR1: 0 | AYS1: 0 | AYT1: 0 | AYU1: 0 | AYV1: 0 | AYW1: 0 | AYX1: 0 | AYY1: 0 | AYZ1: 0 | AZA1: 0 | AZB1: 0 | AZC1: 0 | AZD1: 0 | AZE1: 0 | AZF1: 0 | AZG1: 0 | AZH1: 0 | AZI1: 0 | AZJ1: 0 | AZK1: 0 | AZL1: 0 | AZM1: 0 | AZN1: 0 | AZO1: 0 | AZP1: 0 | AZQ1: 0 | AZR1: 0 | AZS1: 0 | AZT1: 0 | AZU1: 0 | AZV1: 0 | AZW1: 0 | AZX1: 0 | AZY1: 0 | AZZ1: 0 | BAA1: 0
A2: 4800 | B2: 2804 | K2: 0 | L2: 0 | M2: 0 | N2: 0 | O2: 4800 | P2: أسماء يوسف حمد | Q2: 0 | R2: 0 | S2: 0 | T2: 0 | U2: 0 | V2: 1937 | W2: 2114 | X2: 2123 | Y2: 2128 | Z2: 2133 | AA2: 2137 | AB2: 2156 | AC2: 2333 | AD2: 2364 | AE2: 2388 | AF2: 2391 | AG2: 2408 | AH2: 2415 | AI2: 2485 | AJ2: 2518 | AK2: 2520 | AL2: 2805 | AM2: 2814 | AN2: 2819 | AO2: 2820 | AP2: 2824 | AQ2: 2825 | AR2: 2830 | AS2: 2840 | AT2: 2843 | AU2: 2844 | AV2: 2850 | AW2: 2851 | AX2: 3063 | AY2: 3171 | AZ2: 3387 | BA2: 3389 | BB2: 3392 | BC2: 3397 | BD2: 3399 | BE2: 3402 | BF2: 3403 | BG2: 3409 | BH2: 3410 | BI2: 3411 | BJ2: 3413 | BK2: 3414 | BL2: 3415 | BM2: 3416 | BN2: 3418 | BO2: 3422 | BP2: 3424 | BQ2: 3425 | BR2: 3430 | BS2: 3456 | BT2: 3458 | BU2: 3460 | BV2: 3540 | BW2: 3541 | BX2: 3542 | BY2: 3826 | BZ2: 3958 | CA2: 3959 | CB2: 3960 | CC2: 3961 | CD2: 3963 | CE2: 3964 | CF2: 3965 | CG2: 3966 | CH2: 3967 | CI2: 3969 | CJ2: 3970 | CK2: 3971 | CL2: 3972 | CM2: 3974 | CN2: 3975 | CO2: 3976 | CP2: 3977 | CQ2: 3978 | CR2: 3981 | CS2: 3982 | CT2: 3990 | CU2: 3991 | CV2: 3992 | CW2: 3993 | CX2: 3994 | CY2: 4037 | CZ2: 4039 | DA2: 4130 | DB2: 4137 | DC2: 4182 | DD2: 4183 | DE2: 4184 | DF2: 4189 | DG2: 4191 | DH2: 4230 | DI2: 4231 | DJ2: 4232 | DK2: 4233 | DL2: 2265 | DM2: 2145 | DN2: 764 | DO2: 1015 | DP2: 1404 | DQ2: 1416 | DR2: 1644 | DS2: 3420 | DT2: 3457 | DU2: 2796 | DV2: 1400 | DW2: 2798 | DX2: 3388 | DY2: 4593 | DZ2: 4523 | EA2: 4524 | EB2: 4525 | EC2: 4526 | ED2: 4527 | EE2: 4528 | EF2: 4529 | EG2: 4531 | EH2: 4532 | EI2: 4533 | EJ2: 4534 | EK2: 4535 | EL2: 4536 | EM2: 4537 | EN2: 4538 | EO2: 4539 | EP2: 4540 | EQ2: 4541 | ER2: 4542 | ES2: 4543 | ET2: 4544 | EU2: 4545 | EV2: 4546 | EW2: 4547 | EX2: 4548 | EY2: 4550 | EZ2: 4551 | FA2: 4552 | FB2: 4553 | FC2: 4554 | FD2: 4555 | FE2: 4556 | FF2: 4557 | FG2: 4558 | FH2: 4559 | FI2: 4561 | FJ2: 4562 | FK2: 4563 | FL2: 4581 | FM2: 4620 | FN2: 4619 | FO2: 4640 | FP2: 4651 | FQ2: 4652 | FR2: 2143 | FS2: 1849 | FT2: 2229 | FU2: 4775 | FV2: 2132 | FW2: 4795 | FX2: 4899 | FY2: 4900 | FZ2: 4898 | GA2: 4803 | GB2: 4804 | GC2: 4805 | GD2: 4808 | GE2: 4810 | GF2: 4811 | GG2: 4813 | GH2: 4814 | GI2: 4816 | GJ2: 4843 | GK2: 4844 | GL2: 4845 | GM2: 4807 | GN2: 4802 | GO2: 4812 | GP2: 4794 | GQ2: 4796 | GR2: 4809 | GS2: 4806 | GT2: 4905 | GU2: 4800 | GV2: 4914 | GW2: 4916 | GX2: 4925 | GY2: 5031 | GZ2: 5129 | HA2: 5130 | HB2: 5131 | HC2: 5132 | HD2: 5135 | HE2: 5136 | HF2: 5137 | HG2: 5138 | HH2: 5139 | HI2: 5140 | HJ2: 5141 | HK2: 5134 | HL2: 5157 | HM2: 5158 | HN2: 5160 | HO2: 5159 | HP2: 5162 | HQ2: 5163 | HR2: 5165 | HS2: 5166 | HT2: 5183 | HU2: 5108 | HV2: 5167 | HW2: 5272 | HX2: 5271 | HY2: 5242 | HZ2: 5245 | IA2: 5279 | IB2: 5285 | IC2: 5281 | ID2: 5269 | IE2: 5243 | IF2: 5270 | IG2: 5240 | IH2: 5275 | II2: 5248 | IJ2: 5257 | IK2: 5238 | IL2: 5282 | IM2: 5253 | IN2: 5276 | IO2: 5280 | IP2: 5250 | IQ2: 5277 | IR2: 5256 | IS2: 5268 | IT2: 5266 | IU2: 5260 | IV2: 5239 | IW2: 5263 | IX2: 5261 | IY2: 5244 | IZ2: 5219 | JA2: 5284 | JB2: 5264 | JC2: 5287 | JD2: 5247 | JE2: 5267 | JF2: 5286 | JG2: 5283 | JH2: 5249 | JI2: 5251 | JJ2: 5262 | JK2: 5259 | JL2: 5252 | JM2: 5258 | JN2: 5265 | JO2: 2823 | JP2: 5460 | JQ2: 5542 | JR2: 5652 | JS2: 5653 | JT2: 5654 | JU2: 5655 | JV2: 5650 | JW2: 5576 | JX2: 5581 | JY2: 5582 | JZ2: 5573 | KA2: 5577 | KB2: 5587 | KC2: 5563 | KD2: 5645 | KE2: 5565 | KF2: 5579 | KG2: 5671 | KH2: 5556 | KI2: 5589 | KJ2: 5574 | KK2: 5584 | KL2: 5558 | KM2: 5570 | KN2: 5562 | KO2: 5567 | KP2: 5564 | KQ2: 5557 | KR2: 5651 | KS2: 5586 | KT2: 5667 | KU2: 129 | KV2: 5575 | KW2: 5559 | KX2: 5571 | KY2: 5568 | KZ2: 5561 | LA2: 5572 | LB2: 5566 | LC2: 5578 | LD2: 5580 | LE2: 140 | LF2: 5585 | LG2: 5560 | LH2: 5672 | LI2: 5569 | LJ2: 4351 | LK2: 2270 | LL2: 5690 | LM2: 5691 | LN2: 5692 | LO2: 5693 | LP2: 5694 | LQ2: 5695 | LR2: 5696 | LS2: 5697 | LT2: 5698 | LU2: 5705 | LV2: 5727 | LW2: 5738 | LX2: 5752 | LY2: 5753 | LZ2: 5756 | MA2: 5820 | MB2: 5821 | MC2: 5822 | MD2: 5826 | ME2: 5827 | MF2: 5828 | MG2: 5829 | MH2: 5830 | MI2: 5831 | MJ2: 5832 | MK2: 5833 | ML2: 5840 | MM2: 5841 | MN2: 5871 | MO2: 6017 | MP2: 2118 | MQ2: 6059 | MR2: 5942 | MS2: 5943 | MT2: 5944 | MU2: 5945 | MV2: 5946 | MW2: 5947 | MX2: 5948 | MY2: 5949 | MZ2: 5950 | NA2: 5951 | NB2: 5952 | NC2: 5953 | ND2: 5954 | NE2: 6069 | NF2: 6073 | NG2: 6120 | NH2: 6133 | NI2: 7060 | NJ2: 7001 | NK2: 7102 | NL2: 7062 | NM2: 7101 | NN2: 7009 | NO2: 7061 | NP2: 7003 | NQ2: 7010 | NR2: 7011 | NS2: 7008 | NT2: 7007 | NU2: 7006 | NV2: 7180 | NW2: 7012 | NX2: 7063 | NY2: 7058 | NZ2: 7004 | OA2: 7005 | OB2: 7002 | OC2: 7015 | OD2: 7000 | OE2: 7014 | OF2: 7013 | OG2: 7049 | OH2: 7117 | OI2: 7198 | OJ2: 7204 | OK2: 7206 | OL2: 7207 | OM2: 7242 | ON2: 7254 | OO2: 7278 | OP2: 7352 | OQ2: 7260 | OR2: 7283 | OS2: 7284 | OT2: 7285 | OU2: 7286 | OV2: 7287 | OW2: 7288 | OX2: 7289 | OY2: 7292 | OZ2: 7293 | PA2: 7294 | PB2: 7295 | PC2: 7296 | PD2: 7297 | PE2: 7298 | PF2: 7336 | PG2: 7360 | PH2: 7361 | PI2: 7368 | PJ2: 7388 | PK2: 7389 | PL2: 7400 | PM2: 7401 | PN2: 7412 | PO2: 7416 | PP2: 7417 | PQ2: 7418 | PR2: 7436 | PS2: 7437 | PT2: 7290 | PU2: 7463 | PV2: 7464 | PW2: 7465 | PX2: 7466 | PY2: 7498 | PZ2: 0 | QA2: 0 | QB2: 0 | QC2: 0 | QD2: 0 | QE2: 0 | QF2: 0 | QG2: 0 | QH2: 0 | QI2: 0 | QJ2: 0 | QK2: 0 | QL2: 0 | QM2: 0 | QN2: 0 | QO2: 0 | QP2: 0 | QQ2: 0 | QR2: 0 | QS2: 0 | QT2: 0 | QU2: 0 | QV2: 0 | QW2: 0 | QX2: 0 | QY2: 0 | QZ2: 0 | RA2: 0 | RB2: 0 | RC2: 0 | RD2: 0 | RE2: 0 | RF2: 0 | RG2: 0 | RH2: 0 | RI2: 0 | RJ2: 0 | RK2: 0 | RL2: 0 | RM2: 0 | RN2: 0 | RO2: 0 | RP2: 0 | RQ2: 0 | RR2: 0 | RS2: 0 | RT2: 0 | RU2: 0 | RV2: 0 | RW2: 0 | RX2: 0 | RY2: 0 | RZ2: 0 | SA2: 0 | SB2: 0 | SC2: 0 | SD2: 0 | SE2: 0 | SF2: 0 | SG2: 0 | SH2: 0 | SI2: 0 | SJ2: 0 | SK2: 0 | SL2: 0 | SM2: 0 | SN2: 0 | SO2: 0 | SP2: 0 | SQ2: 0 | SR2: 0 | SS2: 0 | ST2: 0 | SU2: 0 | SV2: 0 | SW2: 0 | SX2: 0 | SY2: 0 | SZ2: 0 | TA2: 0 | TB2: 0 | TC2: 0 | TD2: 0 | TE2: 0 | TF2: 0 | TG2: 0 | TH2: 0 | TI2: 0 | TJ2: 0 | TK2: 0 | TL2: 0 | TM2: 0 | TN2: 0 | TO2: 0 | TP2: 0 | TQ2: 0 | TR2: 0 | TS2: 0 | TT2: 0 | TU2: 0 | TV2: 0 | TW2: 0 | TX2: 0 | TY2: 0 | TZ2: 0 | UA2: 0 | UB2: 0 | UC2: 0 | UD2: 0 | UE2: 0 | UF2: 0 | UG2: 0 | UH2: 0 | UI2: 0 | UJ2: 0 | UK2: 0 | UL2: 0 | UM2: 0 | UN2: 0 | UO2: 0 | UP2: 0 | UQ2: 0 | UR2: 0 | US2: 0 | UT2: 0 | UU2: 0 | UV2: 0 | UW2: 0 | UX2: 0 | UY2: 0 | UZ2: 0 | VA2: 0 | VB2: 0 | VC2: 0 | VD2: 0 | VE2: 0 | VF2: 0 | VG2: 0 | VH2: 0 | VI2: 0 | VJ2: 0 | VK2: 0 | VL2: 0 | VM2: 0 | VN2: 0 | VO2: 0 | VP2: 0 | VQ2: 0 | VR2: 0 | VS2: 0 | VT2: 0 | VU2: 0 | VV2: 0 | VW2: 0 | VX2: 0 | VY2: 0 | VZ2: 0 | WA2: 0 | WB2: 0 | WC2: 0 | WD2: 0 | WE2: 0 | WF2: 0 | WG2: 0 | WH2: 0 | WI2: 0 | WJ2: 0 | WK2: 0 | WL2: 0 | WM2: 0 | WN2: 0 | WO2: 0 | WP2: 0 | WQ2: 0 | WR2: 0 | WS2: 0 | WT2: 0 | WU2: 0 | WV2: 0 | WW2: 0 | WX2: 0 | WY2: 0 | WZ2: 0 | XA2: 0 | XB2: 0 | XC2: 0 | XD2: 0 | XE2: 0 | XF2: 0 | XG2: 0 | XH2: 0 | XI2: 0 | XJ2: 0 | XK2: 0 | XL2: 0 | XM2: 0 | XN2: 0 | XO2: 0 | XP2: 0 | XQ2: 0 | XR2: 0 | XS2: 0 | XT2: 0 | XU2: 0 | XV2: 0 | XW2: 0 | XX2: 0 | XY2: 0 | XZ2: 0 | YA2: 0 | YB2: 0 | YC2: 0 | YD2: 0 | YE2: 0 | YF2: 0 | YG2: 0 | YH2: 0 | YI2: 0 | YJ2: 0 | YK2: 0 | YL2: 0 | YM2: 0 | YN2: 0 | YO2: 0 | YP2: 0 | YQ2: 0 | YR2: 0 | YS2: 0 | YT2: 0 | YU2: 0 | YV2: 0 | YW2: 0 | YX2: 0 | YY2: 0 | YZ2: 0 | ZA2: 0 | ZB2: 0 | ZC2: 0 | ZD2: 0 | ZE2: 0 | ZF2: 0 | ZG2: 0 | ZH2: 0 | ZI2: 0 | ZJ2: 0 | ZK2: 0 | ZL2: 0 | ZM2: 0 | ZN2: 0 | ZO2: 0 | ZP2: 0 | ZQ2: 0 | ZR2: 0 | ZS2: 0 | ZT2: 0 | ZU2: 0 | ZV2: 0 | ZW2: 0 | ZX2: 0 | ZY2: 0 | ZZ2: 0 | AAA2: 0 | AAB2: 0 | AAC2: 0 | AAD2: 0 | AAE2: 0 | AAF2: 0 | AAG2: 0 | AAH2: 0 | AAI2: 0 | AAJ2: 0 | AAK2: 0 | AAL2: 0 | AAM2: 0 | AAN2: 0 | AAO2: 0 | AAP2: 0 | AAQ2: 0 | AAR2: 0 | AAS2: 0 | AAT2: 0 | AAU2: 0 | AAV2: 0 | AAW2: 0 | AAX2: 0 | AAY2: 0 | AAZ2: 0 | ABA2: 0 | ABB2: 0 | ABC2: 0 | ABD2: 0 | ABE2: 0 | ABF2: 0 | ABG2: 0 | ABH2: 0 | ABI2: 0 | ABJ2: 0 | ABK2: 0 | ABL2: 0 | ABM2: 0 | ABN2: 0 | ABO2: 0 | ABP2: 0 | ABQ2: 0 | ABR2: 0 | ABS2: 0 | ABT2: 0 | ABU2: 0 | ABV2: 0 | ABW2: 0 | ABX2: 0 | ABY2: 0 | ABZ2: 0 | ACA2: 0 | ACB2: 0 | ACC2: 0 | ACD2: 0 | ACE2: 0 | ACF2: 0 | ACG2: 0 | ACH2: 0 | ACI2: 0 | ACJ2: 0 | ACK2: 0 | ACL2: 0 | ACM2: 0 | ACN2: 0 | ACO2: 0 | ACP2: 0 | ACQ2: 0 | ACR2: 0 | ACS2: 0 | ACT2: 0 | ACU2: 0 | ACV2: 0 | ACW2: 0 | ACX2: 0 | ACY2: 0 | ACZ2: 0 | ADA2: 0 | ADB2: 0 | ADC2: 0 | ADD2: 0 | ADE2: 0 | ADF2: 0 | ADG2: 0 | ADH2: 0 | ADI2: 0 | ADJ2: 0 | ADK2: 0 | ADL2: 0 | ADM2: 0 | ADN2: 0 | ADO2: 0 | ADP2: 0 | ADQ2: 0 | ADR2: 0 | ADS2: 0 | ADT2: 0 | ADU2: 0 | ADV2: 0 | ADW2: 0 | ADX2: 0 | ADY2: 0 | ADZ2: 0 | AEA2: 0 | AEB2: 0 | AEC2: 0 | AED2: 0 | AEE2: 0 | AEF2: 0 | AEG2: 0 | AEH2: 0 | AEI2: 0 | AEJ2: 0 | AEK2: 0 | AEL2: 0 | AEM2: 0 | AEN2: 0 | AEO2: 0 | AEP2: 0 | AEQ2: 0 | AER2: 0 | AES2: 0 | AET2: 0 | AEU2: 0 | AEV2: 0 | AEW2: 0 | AEX2: 0 | AEY2: 0 | AEZ2: 0 | AFA2: 0 | AFB2: 0 | AFC2: 0 | AFD2: 0 | AFE2: 0 | AFF2: 0 | AFG2: 0 | AFH2: 0 | AFI2: 0 | AFJ2: 0 | AFK2: 0 | AFL2: 0 | AFM2: 0 | AFN2: 0 | AFO2: 0 | AFP2: 0 | AFQ2: 0 | AFR2: 0 | AFS2: 0 | AFT2: 0 | AFU2: 0 | AFV2: 0 | AFW2: 0 | AFX2: 0 | AFY2: 0 | AFZ2: 0 | AGA2: 0 | AGB2: 0 | AGC2: 0 | AGD2: 0 | AGE2: 0 | AGF2: 0 | AGG2: 0 | AGH2: 0 | AGI2: 0 | AGJ2: 0 | AGK2: 0 | AGL2: 0 | AGM2: 0 | AGN2: 0 | AGO2: 0 | AGP2: 0 | AGQ2: 0 | AGR2: 0 | AGS2: 0 | AGT2: 0 | AGU2: 0 | AGV2: 0 | AGW2: 0 | AGX2: 0 | AGY2: 0 | AGZ2: 0 | AHA2: 0 | AHB2: 0 | AHC2: 0 | AHD2: 0 | AHE2: 0 | AHF2: 0 | AHG2: 0 | AHH2: 0 | AHI2: 0 | AHJ2: 0 | AHK2: 0 | AHL2: 0 | AHM2: 0 | AHN2: 0 | AHO2: 0 | AHP2: 0 | AHQ2: 0 | AHR2: 0 | AHS2: 0 | AHT2: 0 | AHU2: 0 | AHV2: 0 | AHW2: 0 | AHX2: 0 | AHY2: 0 | AHZ2: 0 | AIA2: 0 | AIB2: 0 | AIC2: 0 | AID2: 0 | AIE2: 0 | AIF2: 0 | AIG2: 0 | AIH2: 0 | AII2: 0 | AIJ2: 0 | AIK2: 0 | AIL2: 0 | AIM2: 0 | AIN2: 0 | AIO2: 0 | AIP2: 0 | AIQ2: 0 | AIR2: 0 | AIS2: 0 | AIT2: 0 | AIU2: 0 | AIV2: 0 | AIW2: 0 | AIX2: 0 | AIY2: 0 | AIZ2: 0 | AJA2: 0 | AJB2: 0 | AJC2: 0 | AJD2: 0 | AJE2: 0 | AJF2: 0 | AJG2: 0 | AJH2: 0 | AJI2: 0 | AJJ2: 0 | AJK2: 0 | AJL2: 0 | AJM2: 0 | AJN2: 0 | AJO2: 0 | AJP2: 0 | AJQ2: 0 | AJR2: 0 | AJS2: 0 | AJT2: 0 | AJU2: 0 | AJV2: 0 | AJW2: 0 | AJX2: 0 | AJY2: 0 | AJZ2: 0 | AKA2: 0 | AKB2: 0 | AKC2: 0 | AKD2: 0 | AKE2: 0 | AKF2: 0 | AKG2: 0 | AKH2: 0 | AKI2: 0 | AKJ2: 0 | AKK2: 0 | AKL2: 0 | AKM2: 0 | AKN2: 0 | AKO2: 0 | AKP2: 0 | AKQ2: 0 | AKR2: 0 | AKS2: 0 | AKT2: 0 | AKU2: 0 | AKV2: 0 | AKW2: 0 | AKX2: 0 | AKY2: 0 | AKZ2: 0 | ALA2: 0 | ALB2: 0 | ALC2: 0 | ALD2: 0 | ALE2: 0 | ALF2: 0 | ALG2: 0 | ALH2: 0 | ALI2: 0 | ALJ2: 0 | ALK2: 0 | ALL2: 0 | ALM2: 0 | ALN2: 0 | ALO2: 0 | ALP2: 0 | ALQ2: 0 | ALR2: 0 | ALS2: 0 | ALT2: 0 | ALU2: 0 | ALV2: 0 | ALW2: 0 | ALX2: 0 | ALY2: 0 | ALZ2: 0 | AMA2: 0 | AMB2: 0 | AMC2: 0 | AMD2: 0 | AME2: 0 | AMF2: 0 | AMG2: 0 | AMH2: 0 | AMI2: 0 | AMJ2: 0 | AMK2: 0 | AML2: 0 | AMM2: 0 | AMN2: 0 | AMO2: 0 | AMP2: 0 | AMQ2: 0 | AMR2: 0 | AMS2: 0 | AMT2: 0 | AMU2: 0 | AMV2: 0 | AMW2: 0 | AMX2: 0 | AMY2: 0 | AMZ2: 0 | ANA2: 0 | ANB2: 0 | ANC2: 0 | AND2: 0 | ANE2: 0 | ANF2: 0 | ANG2: 0 | ANH2: 0 | ANI2: 0 | ANJ2: 0 | ANK2: 0 | ANL2: 0 | ANM2: 0 | ANN2: 0 | ANO2: 0 | ANP2: 0 | ANQ2: 0 | ANR2: 0 | ANS2: 0 | ANT2: 0 | ANU2: 0 | ANV2: 0 | ANW2: 0 | ANX2: 0 | ANY2: 0 | ANZ2: 0 | AOA2: 0 | AOB2: 0 | AOC2: 0 | AOD2: 0 | AOE2: 0 | AOF2: 0 | AOG2: 0 | AOH2: 0 | AOI2: 0 | AOJ2: 0 | AOK2: 0 | AOL2: 0 | AOM2: 0 | AON2: 0 | AOO2: 0 | AOP2: 0 | AOQ2: 0 | AOR2: 0 | AOS2: 0 | AOT2: 0 | AOU2: 0 | AOV2: 0 | AOW2: 0 | AOX2: 0 | AOY2: 0 | AOZ2: 0 | APA2: 0 | APB2: 0 | APC2: 0 | APD2: 0 | APE2: 0 | APF2: 0 | APG2: 0 | APH2: 0 | API2: 0 | APJ2: 0 | APK2: 0 | APL2: 0 | APM2: 0 | APN2: 0 | APO2: 0 | APP2: 0 | APQ2: 0 | APR2: 0 | APS2: 0 | APT2: 0 | APU2: 0 | APV2: 0 | APW2: 0 | APX2: 0 | APY2: 0 | APZ2: 0 | AQA2: 0 | AQB2: 0 | AQC2: 0 | AQD2: 0 | AQE2: 0 | AQF2: 0 | AQG2: 0 | AQH2: 0 | AQI2: 0 | AQJ2: 0 | AQK2: 0 | AQL2: 0 | AQM2: 0 | AQN2: 0 | AQO2: 0 | AQP2: 0 | AQQ2: 0 | AQR2: 0 | AQS2: 0 | AQT2: 0 | AQU2: 0 | AQV2: 0 | AQW2: 0 | AQX2: 0 | AQY2: 0 | AQZ2: 0 | ARA2: 0 | ARB2: 0 | ARC2: 0 | ARD2: 0 | ARE2: 0 | ARF2: 0 | ARG2: 0 | ARH2: 0 | ARI2: 0 | ARJ2: 0 | ARK2: 0 | ARL2: 0 | ARM2: 0 | ARN2: 0 | ARO2: 0 | ARP2: 0 | ARQ2: 0 | ARR2: 0 | ARS2: 0 | ART2: 0 | ARU2: 0 | ARV2: 0 | ARW2: 0 | ARX2: 0 | ARY2: 0 | ARZ2: 0 | ASA2: 0 | ASB2: 0 | ASC2: 0 | ASD2: 0 | ASE2: 0 | ASF2: 0 | ASG2: 0 | ASH2: 0 | ASI2: 0 | ASJ2: 0 | ASK2: 0 | ASL2: 0 | ASM2: 0 | ASN2: 0 | ASO2: 0 | ASP2: 0 | ASQ2: 0 | ASR2: 0 | ASS2: 0 | AST2: 0 | ASU2: 0 | ASV2: 0 | ASW2: 0 | ASX2: 0 | ASY2: 0 | ASZ2: 0 | ATA2: 0 | ATB2: 0 | ATC2: 0 | ATD2: 0 | ATE2: 0 | ATF2: 0 | ATG2: 0 | ATH2: 0 | ATI2: 0 | ATJ2: 0 | ATK2: 0 | ATL2: 0 | ATM2: 0 | ATN2: 0 | ATO2: 0 | ATP2: 0 | ATQ2: 0 | ATR2: 0 | ATS2: 0 | ATT2: 0 | ATU2: 0 | ATV2: 0 | ATW2: 0 | ATX2: 0 | ATY2: 0 | ATZ2: 0 | AUA2: 0 | AUB2: 0 | AUC2: 0 | AUD2: 0 | AUE2: 0 | AUF2: 0 | AUG2: 0 | AUH2: 0 | AUI2: 0 | AUJ2: 0 | AUK2: 0 | AUL2: 0 | AUM2: 0 | AUN2: 0 | AUO2: 0 | AUP2: 0 | AUQ2: 0 | AUR2: 0 | AUS2: 0 | AUT2: 0 | AUU2: 0 | AUV2: 0 | AUW2: 0 | AUX2: 0 | AUY2: 0 | AUZ2: 0 | AVA2: 0 | AVB2: 0 | AVC2: 0 | AVD2: 0 | AVE2: 0 | AVF2: 0 | AVG2: 0 | AVH2: 0 | AVI2: 0 | AVJ2: 0 | AVK2: 0 | AVL2: 0 | AVM2: 0 | AVN2: 0 | AVO2: 0 | AVP2: 0 | AVQ2: 0 | AVR2: 0 | AVS2: 0 | AVT2: 0 | AVU2: 0 | AVV2: 0 | AVW2: 0 | AVX2: 0 | AVY2: 0 | AVZ2: 0 | AWA2: 0 | AWB2: 0 | AWC2: 0 | AWD2: 0 | AWE2: 0 | AWF2: 0 | AWG2: 0 | AWH2: 0 | AWI2: 0 | AWJ2: 0 | AWK2: 0 | AWL2: 0 | AWM2: 0 | AWN2: 0 | AWO2: 0 | AWP2: 0 | AWQ2: 0 | AWR2: 0 | AWS2: 0 | AWT2: 0 | AWU2: 0 | AWV2: 0 | AWW2: 0 | AWX2: 0 | AWY2: 0 | AWZ2: 0 | AXA2: 0 | AXB2: 0 | AXC2: 0 | AXD2: 0 | AXE2: 0 | AXF2: 0 | AXG2: 0 | AXH2: 0 | AXI2: 0 | AXJ2: 0 | AXK2: 0 | AXL2: 0 | AXM2: 0 | AXN2: 0 | AXO2: 0 | AXP2: 0 | AXQ2: 0 | AXR2: 0 | AXS2: 0 | AXT2: 0 | AXU2: 0 | AXV2: 0 | AXW2: 0 | AXX2: 0 | AXY2: 0 | AXZ2: 0 | AYA2: 0 | AYB2: 0 | AYC2: 0 | AYD2: 0 | AYE2: 0 | AYF2: 0 | AYG2: 0 | AYH2: 0 | AYI2: 0 | AYJ2: 0 | AYK2: 0 | AYL2: 0 | AYM2: 0 | AYN2: 0 | AYO2: 0 | AYP2: 0 | AYQ2: 0 | AYR2: 0 | AYS2: 0 | AYT2: 0 | AYU2: 0 | AYV2: 0 | AYW2: 0 | AYX2: 0 | AYY2: 0 | AYZ2: 0 | AZA2: 0 | AZB2: 0 | AZC2: 0 | AZD2: 0 | AZE2: 0 | AZF2: 0 | AZG2: 0 | AZH2: 0 | AZI2: 0 | AZJ2: 0 | AZK2: 0 | AZL2: 0 | AZM2: 0 | AZN2: 0 | AZO2: 0 | AZP2: 0 | AZQ2: 0 | AZR2: 0 | AZS2: 0 | AZT2: 0 | AZU2: 0 | AZV2: 0 | AZW2: 0 | AZX2: 0 | AZY2: 0 | AZZ2: 0 | BAA2: 0
A3: 4808 | B3: 2515 | C3: 2815 | D3: 2603 | E3: 2614 | F3: 2704 | K3: 100 | L3: اللغة العربية | M3: الثلاثاء 11:00 | N3: أ. سالم علي | O3: 4808 | P3: يوسف عبد المنعم أحمد سرحان | Q3: 100 | R3: اللغة العربية | S3: الثلاثاء 11:00 | T3: أ. سالم علي | U3: 0 | V3: 1 | W3: 1 | X3: 1 | Y3: 1 | Z3: 1 | AA3: 1 | AB3: 1 | AC3: 1 | AD3: 1 | AE3: 1 | AF3: 1 | AG3: 0 | AH3: 1 | AI3: 1 | AJ3: 1 | AK3: 1 | AL3: 1 | AM3: 1 | AN3: 1 | AO3: 1 | AP3: 1 | AQ3: 1 | AR3: 1 | AS3: 1 | AT3: 1 | AU3: 1 | AV3: 1 | AW3: 1 | AX3: 1 | AY3: 1 | AZ3: 1 | BA3: 1 | BB3: 1 | BC3: 1 | BD3: 1 | BE3: 1 | BF3: 1 | BG3: 1 | BH3: 1 | BI3: 1 | BJ3: 1 | BK3: 1 | BL3: 1 | BM3: 1 | BN3: 1 | BO3: 1 | BP3: 1 | BQ3: 1 | BR3: 1 | BS3: 1 | BT3: 1 | BU3: 1 | BV3: 1 | BW3: 1 | BX3: 1 | BY3: 1 | BZ3: 1 | CA3: 1 | CB3: 1 | CC3: 1 | CD3: 1 | CE3: 1 | CF3: 1 | CG3: 1 | CH3: 1 | CI3: 1 | CJ3: 1 | CK3: 1 | CL3: 1 | CM3: 1 | CN3: 1 | CO3: 1 | CP3: 1 | CQ3: 1 | CR3: 0 | CS3: 1 | CT3: 1 | CU3: 1 | CV3: 1 | CW3: 1 | CX3: 1 | CY3: 1 | CZ3: 1 | DA3: 1 | DB3: 1 | DC3: 1 | DD3: 1 | DE3: 1 | DF3: 1 | DG3: 0 | DH3: 1 | DI3: 1 | DJ3: 0 | DK3: 0 | DL3: 0 | DM3: 1 | DN3: 1 | DO3: 1 | DP3: 1 | DQ3: 1 | DR3: 1 | DS3: 1 | DT3: 1 | DU3: 1 | DV3: 1 | DW3: 0 | DX3: 0 | DY3: 1 | DZ3: 0 | EA3: 1 | EB3: 0 | EC3: 1 | ED3: 1 | EE3: 1 | EF3: 0 | EG3: 1 | EH3: 1 | EI3: 0 | EJ3: 1 | EK3: 1 | EL3: 1 | EM3: 1 | EN3: 1 | EO3: 0 | EP3: 0 | EQ3: 1 | ER3: 1 | ES3: 1 | ET3: 1 | EU3: 1 | EV3: 1 | EW3: 1 | EX3: 1 | EY3: 0 | EZ3: 1 | FA3: 1 | FB3: 0 | FC3: 1 | FD3: 0 | FE3: 1 | FF3: 1 | FG3: 1 | FH3: 0 | FI3: 1 | FJ3: 1 | FK3: 0 | FL3: 0 | FM3: 1 | FN3: 1 | FO3: 1 | FP3: 1 | FQ3: 1 | FR3: 1 | FS3: 1 | FT3: 0 | FU3: 1 | FV3: 1 | FW3: 1 | FX3: 1 | FY3: 1 | FZ3: 1 | GA3: 0 | GB3: 0 | GC3: 1 | GD3: 1 | GE3: 1 | GF3: 1 | GG3: 0 | GH3: 1 | GI3: 1 | GJ3: 1 | GK3: 1 | GL3: 0 | GM3: 1 | GN3: 1 | GO3: 0 | GP3: 1 | GQ3: 1 | GR3: 1 | GS3: 1 | GT3: 0 | GU3: 1 | GV3: 1 | GW3: 1 | GX3: 0 | GY3: 1 | GZ3: 1 | HA3: 1 | HB3: 0 | HC3: 1 | HD3: 0 | HE3: 1 | HF3: 1 | HG3: 0 | HH3: 1 | HI3: 0 | HJ3: 1 | HK3: 0 | HL3: 1 | HM3: 1 | HN3: 1 | HO3: 1 | HP3: 1 | HQ3: 1 | HR3: 1 | HS3: 0 | HT3: 1 | HU3: 1 | HV3: 0 | HW3: 1 | HX3: 1 | HY3: 1 | HZ3: 1 | IA3: 0 | IB3: 1 | IC3: 1 | ID3: 1 | IE3: 1 | IF3: 1 | IG3: 1 | IH3: 1 | II3: 1 | IJ3: 1 | IK3: 1 | IL3: 1 | IM3: 1 | IN3: 1 | IO3: 1 | IP3: 1 | IQ3: 1 | IR3: 1 | IS3: 1 | IT3: 1 | IU3: 1 | IV3: 1 | IW3: 1 | IX3: 1 | IY3: 1 | IZ3: 1 | JA3: 1 | JB3: 1 | JC3: 0 | JD3: 1 | JE3: 1 | JF3: 1 | JG3: 0 | JH3: 1 | JI3: 1 | JJ3: 1 | JK3: 1 | JL3: 1 | JM3: 1 | JN3: 0 | JO3: 0 | JP3: 1 | JQ3: 1 | JR3: 1 | JS3: 1 | JT3: 1 | JU3: 1 | JV3: 1 | JW3: 1 | JX3: 1 | JY3: 1 | JZ3: 1 | KA3: 1 | KB3: 1 | KC3: 0 | KD3: 1 | KE3: 1 | KF3: 1 | KG3: 1 | KH3: 1 | KI3: 1 | KJ3: 1 | KK3: 1 | KL3: 1 | KM3: 1 | KN3: 1 | KO3: 1 | KP3: 0 | KQ3: 1 | KR3: 1 | KS3: 1 | KT3: 0 | KU3: 0 | KV3: 0 | KW3: 1 | KX3: 1 | KY3: 1 | KZ3: 1 | LA3: 0 | LB3: 1 | LC3: 1 | LD3: 1 | LE3: 0 | LF3: 1 | LG3: 1 | LH3: 0 | LI3: 1 | LJ3: 1 | LK3: 1 | LL3: 1 | LM3: 1 | LN3: 0 | LO3: 0 | LP3: 1 | LQ3: 1 | LR3: 1 | LS3: 1 | LT3: 0 | LU3: 1 | LV3: 1 | LW3: 1 | LX3: 1 | LY3: 1 | LZ3: 1 | MA3: 1 | MB3: 1 | MC3: 1 | MD3: 0 | ME3: 1 | MF3: 1 | MG3: 1 | MH3: 1 | MI3: 1 | MJ3: 1 | MK3: 1 | ML3: 0 | MM3: 0 | MN3: 1 | MO3: 1 | MP3: 0 | MQ3: 1 | MR3: 1 | MS3: 1 | MT3: 1 | MU3: 1 | MV3: 1 | MW3: 1 | MX3: 0 | MY3: 1 | MZ3: 1 | NA3: 1 | NB3: 1 | NC3: 1 | ND3: 1 | NE3: 1 | NF3: 1 | NG3: 1 | NH3: 1 | NI3: 1 | NJ3: 1 | NK3: 1 | NL3: 1 | NM3: 0 | NN3: 1 | NO3: 1 | NP3: 1 | NQ3: 1 | NR3: 1 | NS3: 1 | NT3: 1 | NU3: 0 | NV3: 1 | NW3: 1 | NX3: 1 | NY3: 1 | NZ3: 1 | OA3: 1 | OB3: 1 | OC3: 1 | OD3: 1 | OE3: 1 | OF3: 1 | OG3: 0 | OH3: 1 | OI3: 1 | OJ3: 1 | OK3: 1 | OL3: 1 | OM3: 1 | ON3: 1 | OO3: 1 | OP3: 1 | OQ3: 1 | OR3: 1 | OS3: 0 | OT3: 1 | OU3: 1 | OV3: 1 | OW3: 1 | OX3: 1 | OY3: 1 | OZ3: 1 | PA3: 1 | PB3: 1 | PC3: 1 | PD3: 1 | PE3: 0 | PF3: 1 | PG3: 1 | PH3: 0 | PI3: 1 | PJ3: 1 | PK3: 1 | PL3: 1 | PM3: 1 | PN3: 1 | PO3: 1 | PP3: 1 | PQ3: 1 | PR3: 1 | PS3: 1 | PT3: 1 | PU3: 1 | PV3: 1 | PW3: 0 | PX3: 1 | PY3: 0 | PZ3: 0 | QA3: 0 | QB3: 0 | QC3: 0 | QD3: 0 | QE3: 0 | QF3: 0 | QG3: 0 | QH3: 0 | QI3: 0 | QJ3: 0 | QK3: 0 | QL3: 0 | QM3: 0 | QN3: 0 | QO3: 0 | QP3: 0 | QQ3: 0 | QR3: 0 | QS3: 0 | QT3: 0 | QU3: 0 | QV3: 0 | QW3: 0 | QX3: 0 | QY3: 0 | QZ3: 0 | RA3: 0 | RB3: 0 | RC3: 0 | RD3: 0 | RE3: 0 | RF3: 0 | RG3: 0 | RH3: 0 | RI3: 0 | RJ3: 0 | RK3: 0 | RL3: 0 | RM3: 0 | RN3: 0 | RO3: 0 | RP3: 0 | RQ3: 0 | RR3: 0 | RS3: 0 | RT3: 0 | RU3: 0 | RV3: 0 | RW3: 0 | RX3: 0 | RY3: 0 | RZ3: 0 | SA3: 0 | SB3: 0 | SC3: 0 | SD3: 0 | SE3: 0 | SF3: 0 | SG3: 0 | SH3: 0 | SI3: 0 | SJ3: 0 | SK3: 0 | SL3: 0 | SM3: 0 | SN3: 0 | SO3: 0 | SP3: 0 | SQ3: 0 | SR3: 0 | SS3: 0 | ST3: 0 | SU3: 0 | SV3: 0 | SW3: 0 | SX3: 0 | SY3: 0 | SZ3: 0 | TA3: 0 | TB3: 0 | TC3: 0 | TD3: 0 | TE3: 0 | TF3: 0 | TG3: 0 | TH3: 0 | TI3: 0 | TJ3: 0 | TK3: 0 | TL3: 0 | TM3: 0 | TN3: 0 | TO3: 0 | TP3: 0 | TQ3: 0 | TR3: 0 | TS3: 0 | TT3: 0 | TU3: 0 | TV3: 0 | TW3: 0 | TX3: 0 | TY3: 0 | TZ3: 0 | UA3: 0 | UB3: 0 | UC3: 0 | UD3: 0 | UE3: 0 | UF3: 0 | UG3: 0 | UH3: 0 | UI3: 0 | UJ3: 0 | UK3: 0 | UL3: 0 | UM3: 0 | UN3: 0 | UO3: 0 | UP3: 0 | UQ3: 0 | UR3: 0 | US3: 0 | UT3: 0 | UU3: 0 | UV3: 0 | UW3: 0 | UX3: 0 | UY3: 0 | UZ3: 0 | VA3: 0 | VB3: 0 | VC3: 0 | VD3: 0 | VE3: 0 | VF3: 0 | VG3: 0 | VH3: 0 | VI3: 0 | VJ3: 0 | VK3: 0 | VL3: 0 | VM3: 0 | VN3: 0 | VO3: 0 | VP3: 0 | VQ3: 0 | VR3: 0 | VS3: 0 | VT3: 0 | VU3: 0 | VV3: 0 | VW3: 0 | VX3: 0 | VY3: 0 | VZ3: 0 | WA3: 0 | WB3: 0 | WC3: 0 | WD3: 0 | WE3: 0 | WF3: 0 | WG3: 0 | WH3: 0 | WI3: 0 | WJ3: 0 | WK3: 0 | WL3: 0 | WM3: 0 | WN3: 0 | WO3: 0 | WP3: 0 | WQ3: 0 | WR3: 0 | WS3: 0 | WT3: 0 | WU3: 0 | WV3: 0 | WW3: 0 | WX3: 0 | WY3: 0 | WZ3: 0 | XA3: 0 | XB3: 0 | XC3: 0 | XD3: 0 | XE3: 0 | XF3: 0 | XG3: 0 | XH3: 0 | XI3: 0 | XJ3: 0 | XK3: 0 | XL3: 0 | XM3: 0 | XN3: 0 | XO3: 0 | XP3: 0 | XQ3: 0 | XR3: 0 | XS3: 0 | XT3: 0 | XU3: 0 | XV3: 0 | XW3: 0 | XX3: 0 | XY3: 0 | XZ3: 0 | YA3: 0 | YB3: 0 | YC3: 0 | YD3: 0 | YE3: 0 | YF3: 0 | YG3: 0 | YH3: 0 | YI3: 0 | YJ3: 0 | YK3: 0 | YL3: 0 | YM3: 0 | YN3: 0 | YO3: 0 | YP3: 0 | YQ3: 0 | YR3: 0 | YS3: 0 | YT3: 0 | YU3: 0 | YV3: 0 | YW3: 0 | YX3: 0 | YY3: 0 | YZ3: 0 | ZA3: 0 | ZB3: 0 | ZC3: 0 | ZD3: 0 | ZE3: 0 | ZF3: 0 | ZG3: 0 | ZH3: 0 | ZI3: 0 | ZJ3: 0 | ZK3: 0 | ZL3: 0 | ZM3: 0 | ZN3: 0 | ZO3: 0 | ZP3: 0 | ZQ3: 0 | ZR3: 0 | ZS3: 0 | ZT3: 0 | ZU3: 0 | ZV3: 0 | ZW3: 0 | ZX3: 0 | ZY3: 0 | ZZ3: 0 | AAA3: 0 | AAB3: 0 | AAC3: 0 | AAD3: 0 | AAE3: 0 | AAF3: 0 | AAG3: 0 | AAH3: 0 | AAI3: 0 | AAJ3: 0 | AAK3: 0 | AAL3: 0 | AAM3: 0 | AAN3: 0 | AAO3: 0 | AAP3: 0 | AAQ3: 0 | AAR3: 0 | AAS3: 0 | AAT3: 0 | AAU3: 0 | AAV3: 0 | AAW3: 0 | AAX3: 0 | AAY3: 0 | AAZ3: 0 | ABA3: 0 | ABB3: 0 | ABC3: 0 | ABD3: 0 | ABE3: 0 | ABF3: 0 | ABG3: 0 | ABH3: 0 | ABI3: 0 | ABJ3: 0 | ABK3: 0 | ABL3: 0 | ABM3: 0 | ABN3: 0 | ABO3: 0 | ABP3: 0 | ABQ3: 0 | ABR3: 0 | ABS3: 0 | ABT3: 0 | ABU3: 0 | ABV3: 0 | ABW3: 0 | ABX3: 0 | ABY3: 0 | ABZ3: 0 | ACA3: 0 | ACB3: 0 | ACC3: 0 | ACD3: 0 | ACE3: 0 | ACF3: 0 | ACG3: 0 | ACH3: 0 | ACI3: 0 | ACJ3: 0 | ACK3: 0 | ACL3: 0 | ACM3: 0 | ACN3: 0 | ACO3: 0 | ACP3: 0 | ACQ3: 0 | ACR3: 0 | ACS3: 0 | ACT3: 0 | ACU3: 0 | ACV3: 0 | ACW3: 0 | ACX3: 0 | ACY3: 0 | ACZ3: 0 | ADA3: 0 | ADB3: 0 | ADC3: 0 | ADD3: 0 | ADE3: 0 | ADF3: 0 | ADG3: 0 | ADH3: 0 | ADI3: 0 | ADJ3: 0 | ADK3: 0 | ADL3: 0 | ADM3: 0 | ADN3: 0 | ADO3: 0 | ADP3: 0 | ADQ3: 0 | ADR3: 0 | ADS3: 0 | ADT3: 0 | ADU3: 0 | ADV3: 0 | ADW3: 0 | ADX3: 0 | ADY3: 0 | ADZ3: 0 | AEA3: 0 | AEB3: 0 | AEC3: 0 | AED3: 0 | AEE3: 0 | AEF3: 0 | AEG3: 0 | AEH3: 0 | AEI3: 0 | AEJ3: 0 | AEK3: 0 | AEL3: 0 | AEM3: 0 | AEN3: 0 | AEO3: 0 | AEP3: 0 | AEQ3: 0 | AER3: 0 | AES3: 0 | AET3: 0 | AEU3: 0 | AEV3: 0 | AEW3: 0 | AEX3: 0 | AEY3: 0 | AEZ3: 0 | AFA3: 0 | AFB3: 0 | AFC3: 0 | AFD3: 0 | AFE3: 0 | AFF3: 0 | AFG3: 0 | AFH3: 0 | AFI3: 0 | AFJ3: 0 | AFK3: 0 | AFL3: 0 | AFM3: 0 | AFN3: 0 | AFO3: 0 | AFP3: 0 | AFQ3: 0 | AFR3: 0 | AFS3: 0 | AFT3: 0 | AFU3: 0 | AFV3: 0 | AFW3: 0 | AFX3: 0 | AFY3: 0 | AFZ3: 0 | AGA3: 0 | AGB3: 0 | AGC3: 0 | AGD3: 0 | AGE3: 0 | AGF3: 0 | AGG3: 0 | AGH3: 0 | AGI3: 0 | AGJ3: 0 | AGK3: 0 | AGL3: 0 | AGM3: 0 | AGN3: 0 | AGO3: 0 | AGP3: 0 | AGQ3: 0 | AGR3: 0 | AGS3: 0 | AGT3: 0 | AGU3: 0 | AGV3: 0 | AGW3: 0 | AGX3: 0 | AGY3: 0 | AGZ3: 0 | AHA3: 0 | AHB3: 0 | AHC3: 0 | AHD3: 0 | AHE3: 0 | AHF3: 0 | AHG3: 0 | AHH3: 0 | AHI3: 0 | AHJ3: 0 | AHK3: 0 | AHL3: 0 | AHM3: 0 | AHN3: 0 | AHO3: 0 | AHP3: 0 | AHQ3: 0 | AHR3: 0 | AHS3: 0 | AHT3: 0 | AHU3: 0 | AHV3: 0 | AHW3: 0 | AHX3: 0 | AHY3: 0 | AHZ3: 0 | AIA3: 0 | AIB3: 0 | AIC3: 0 | AID3: 0 | AIE3: 0 | AIF3: 0 | AIG3: 0 | AIH3: 0 | AII3: 0 | AIJ3: 0 | AIK3: 0 | AIL3: 0 | AIM3: 0 | AIN3: 0 | AIO3: 0 | AIP3: 0 | AIQ3: 0 | AIR3: 0 | AIS3: 0 | AIT3: 0 | AIU3: 0 | AIV3: 0 | AIW3: 0 | AIX3: 0 | AIY3: 0 | AIZ3: 0 | AJA3: 0 | AJB3: 0 | AJC3: 0 | AJD3: 0 | AJE3: 0 | AJF3: 0 | AJG3: 0 | AJH3: 0 | AJI3: 0 | AJJ3: 0 | AJK3: 0 | AJL3: 0 | AJM3: 0 | AJN3: 0 | AJO3: 0 | AJP3: 0 | AJQ3: 0 | AJR3: 0 | AJS3: 0 | AJT3: 0 | AJU3: 0 | AJV3: 0 | AJW3: 0 | AJX3: 0 | AJY3: 0 | AJZ3: 0 | AKA3: 0 | AKB3: 0 | AKC3: 0 | AKD3: 0 | AKE3: 0 | AKF3: 0 | AKG3: 0 | AKH3: 0 | AKI3: 0 | AKJ3: 0 | AKK3: 0 | AKL3: 0 | AKM3: 0 | AKN3: 0 | AKO3: 0 | AKP3: 0 | AKQ3: 0 | AKR3: 0 | AKS3: 0 | AKT3: 0 | AKU3: 0 | AKV3: 0 | AKW3: 0 | AKX3: 0 | AKY3: 0 | AKZ3: 0 | ALA3: 0 | ALB3: 0 | ALC3: 0 | ALD3: 0 | ALE3: 0 | ALF3: 0 | ALG3: 0 | ALH3: 0 | ALI3: 0 | ALJ3: 0 | ALK3: 0 | ALL3: 0 | ALM3: 0 | ALN3: 0 | ALO3: 0 | ALP3: 0 | ALQ3: 0 | ALR3: 0 | ALS3: 0 | ALT3: 0 | ALU3: 0 | ALV3: 0 | ALW3: 0 | ALX3: 0 | ALY3: 0 | ALZ3: 0 | AMA3: 0 | AMB3: 0 | AMC3: 0 | AMD3: 0 | AME3: 0 | AMF3: 0 | AMG3: 0 | AMH3: 0 | AMI3: 0 | AMJ3: 0 | AMK3: 0 | AML3: 0 | AMM3: 0 | AMN3: 0 | AMO3: 0 | AMP3: 0 | AMQ3: 0 | AMR3: 0 | AMS3: 0 | AMT3: 0 | AMU3: 0 | AMV3: 0 | AMW3: 0 | AMX3: 0 | AMY3: 0 | AMZ3: 0 | ANA3: 0 | ANB3: 0 | ANC3: 0 | AND3: 0 | ANE3: 0 | ANF3: 0 | ANG3: 0 | ANH3: 0 | ANI3: 0 | ANJ3: 0 | ANK3: 0 | ANL3: 0 | ANM3: 0 | ANN3: 0 | ANO3: 0 | ANP3: 0 | ANQ3: 0 | ANR3: 0 | ANS3: 0 | ANT3: 0 | ANU3: 0 | ANV3: 0 | ANW3: 0 | ANX3: 0 | ANY3: 0 | ANZ3: 0 | AOA3: 0 | AOB3: 0 | AOC3: 0 | AOD3: 0 | AOE3: 0 | AOF3: 0 | AOG3: 0 | AOH3: 0 | AOI3: 0 | AOJ3: 0 | AOK3: 0 | AOL3: 0 | AOM3: 0 | AON3: 0 | AOO3: 0 | AOP3: 0 | AOQ3: 0 | AOR3: 0 | AOS3: 0 | AOT3: 0 | AOU3: 0 | AOV3: 0 | AOW3: 0 | AOX3: 0 | AOY3: 0 | AOZ3: 0 | APA3: 0 | APB3: 0 | APC3: 0 | APD3: 0 | APE3: 0 | APF3: 0 | APG3: 0 | APH3: 0 | API3: 0 | APJ3: 0 | APK3: 0 | APL3: 0 | APM3: 0 | APN3: 0 | APO3: 0 | APP3: 0 | APQ3: 0 | APR3: 0 | APS3: 0 | APT3: 0 | APU3: 0 | APV3: 0 | APW3: 0 | APX3: 0 | APY3: 0 | APZ3: 0 | AQA3: 0 | AQB3: 0 | AQC3: 0 | AQD3: 0 | AQE3: 0 | AQF3: 0 | AQG3: 0 | AQH3: 0 | AQI3: 0 | AQJ3: 0 | AQK3: 0 | AQL3: 0 | AQM3: 0 | AQN3: 0 | AQO3: 0 | AQP3: 0 | AQQ3: 0 | AQR3: 0 | AQS3: 0 | AQT3: 0 | AQU3: 0 | AQV3: 0 | AQW3: 0 | AQX3: 0 | AQY3: 0 | AQZ3: 0 | ARA3: 0 | ARB3: 0 | ARC3: 0 | ARD3: 0 | ARE3: 0 | ARF3: 0 | ARG3: 0 | ARH3: 0 | ARI3: 0 | ARJ3: 0 | ARK3: 0 | ARL3: 0 | ARM3: 0 | ARN3: 0 | ARO3: 0 | ARP3: 0 | ARQ3: 0 | ARR3: 0 | ARS3: 0 | ART3: 0 | ARU3: 0 | ARV3: 0 | ARW3: 0 | ARX3: 0 | ARY3: 0 | ARZ3: 0 | ASA3: 0 | ASB3: 0 | ASC3: 0 | ASD3: 0 | ASE3: 0 | ASF3: 0 | ASG3: 0 | ASH3: 0 | ASI3: 0 | ASJ3: 0 | ASK3: 0 | ASL3: 0 | ASM3: 0 | ASN3: 0 | ASO3: 0 | ASP3: 0 | ASQ3: 0 | ASR3: 0 | ASS3: 0 | AST3: 0 | ASU3: 0 | ASV3: 0 | ASW3: 0 | ASX3: 0 | ASY3: 0 | ASZ3: 0 | ATA3: 0 | ATB3: 0 | ATC3: 0 | ATD3: 0 | ATE3: 0 | ATF3: 0 | ATG3: 0 | ATH3: 0 | ATI3: 0 | ATJ3: 0 | ATK3: 0 | ATL3: 0 | ATM3: 0 | ATN3: 0 | ATO3: 0 | ATP3: 0 | ATQ3: 0 | ATR3: 0 | ATS3: 0 | ATT3: 0 | ATU3: 0 | ATV3: 0 | ATW3: 0 | ATX3: 0 | ATY3: 0 | ATZ3: 0 | AUA3: 0 | AUB3: 0 | AUC3: 0 | AUD3: 0 | AUE3: 0 | AUF3: 0 | AUG3: 0 | AUH3: 0 | AUI3: 0 | AUJ3: 0 | AUK3: 0 | AUL3: 0 | AUM3: 0 | AUN3: 0 | AUO3: 0 | AUP3: 0 | AUQ3: 0 | AUR3: 0 | AUS3: 0 | AUT3: 0 | AUU3: 0 | AUV3: 0 | AUW3: 0 | AUX3: 0 | AUY3: 0 | AUZ3: 0 | AVA3: 0 | AVB3: 0 | AVC3: 0 | AVD3: 0 | AVE3: 0 | AVF3: 0 | AVG3: 0 | AVH3: 0 | AVI3: 0 | AVJ3: 0 | AVK3: 0 | AVL3: 0 | AVM3: 0 | AVN3: 0 | AVO3: 0 | AVP3: 0 | AVQ3: 0 | AVR3: 0 | AVS3: 0 | AVT3: 0 | AVU3: 0 | AVV3: 0 | AVW3: 0 | AVX3: 0 | AVY3: 0 | AVZ3: 0 | AWA3: 0 | AWB3: 0 | AWC3: 0 | AWD3: 0 | AWE3: 0 | AWF3: 0 | AWG3: 0 | AWH3: 0 | AWI3: 0 | AWJ3: 0 | AWK3: 0 | AWL3: 0 | AWM3: 0 | AWN3: 0 | AWO3: 0 | AWP3: 0 | AWQ3: 0 | AWR3: 0 | AWS3: 0 | AWT3: 0 | AWU3: 0 | AWV3: 0 | AWW3: 0 | AWX3: 0 | AWY3: 0 | AWZ3: 0 | AXA3: 0 | AXB3: 0 | AXC3: 0 | AXD3: 0 | AXE3: 0 | AXF3: 0 | AXG3: 0 | AXH3: 0 | AXI3: 0 | AXJ3: 0 | AXK3: 0 | AXL3: 0 | AXM3: 0 | AXN3: 0 | AXO3: 0 | AXP3: 0 | AXQ3: 0 | AXR3: 0 | AXS3: 0 | AXT3: 0 | AXU3: 0 | AXV3: 0 | AXW3: 0 | AXX3: 0 | AXY3: 0 | AXZ3: 0 | AYA3: 0 | AYB3: 0 | AYC3: 0 | AYD3: 0 | AYE3: 0 | AYF3: 0 | AYG3: 0 | AYH3: 0 | AYI3: 0 | AYJ3: 0 | AYK3: 0 | AYL3: 0 | AYM3: 0 | AYN3: 0 | AYO3: 0 | AYP3: 0 | AYQ3: 0 | AYR3: 0 | AYS3: 0 | AYT3: 0 | AYU3: 0 | AYV3: 0 | AYW3: 0 | AYX3: 0 | AYY3: 0 | AYZ3: 0 | AZA3: 0 | AZB3: 0 | AZC3: 0 | AZD3: 0 | AZE3: 0 | AZF3: 0 | AZG3: 0 | AZH3: 0 | AZI3: 0 | AZJ3: 0 | AZK3: 0 | AZL3: 0 | AZM3: 0 | AZN3: 0 | AZO3: 0 | AZP3: 0 | AZQ3: 0 | AZR3: 0 | AZS3: 0 | AZT3: 0 | AZU3: 0 | AZV3: 0 | AZW3: 0 | AZX3: 0 | AZY3: 0 | AZZ3: 0 | BAA3: 0
A4: 4811 | B4: 2812 | C4: 2813 | D4: 2804 | E4: 2815 | K4: 2111 | L4: Listening and Speaking A | M4: الإثنين 11:00 | N4: أ. يونس مصطفى | O4: 4811 | P4: ندى مفتاح حمد | Q4: 2111 | R4: Listening and Speaking A | S4: الإثنين 11:00 | T4: أ. يونس مصطفى | U4: 0 | V4: 1 | W4: 1 | X4: 1 | Y4: 1 | Z4: 1 | AA4: 1 | AB4: 1 | AC4: 1 | AD4: 1 | AE4: 1 | AF4: 1 | AG4: 0 | AH4: 1 | AI4: 1 | AJ4: 1 | AK4: 0 | AL4: 1 | AM4: 1 | AN4: 1 | AO4: 1 | AP4: 1 | AQ4: 1 | AR4: 1 | AS4: 1 | AT4: 1 | AU4: 1 | AV4: 0 | AW4: 1 | AX4: 1 | AY4: 1 | AZ4: 1 | BA4: 1 | BB4: 1 | BC4: 1 | BD4: 1 | BE4: 1 | BF4: 1 | BG4: 1 | BH4: 1 | BI4: 1 | BJ4: 1 | BK4: 1 | BL4: 1 | BM4: 1 | BN4: 1 | BO4: 1 | BP4: 1 | BQ4: 1 | BR4: 1 | BS4: 1 | BT4: 1 | BU4: 1 | BV4: 1 | BW4: 1 | BX4: 1 | BY4: 1 | BZ4: 1 | CA4: 1 | CB4: 1 | CC4: 1 | CD4: 1 | CE4: 1 | CF4: 1 | CG4: 1 | CH4: 1 | CI4: 1 | CJ4: 1 | CK4: 1 | CL4: 1 | CM4: 1 | CN4: 1 | CO4: 1 | CP4: 1 | CQ4: 1 | CR4: 1 | CS4: 1 | CT4: 1 | CU4: 1 | CV4: 1 | CW4: 1 | CX4: 1 | CY4: 1 | CZ4: 1 | DA4: 1 | DB4: 1 | DC4: 1 | DD4: 1 | DE4: 1 | DF4: 1 | DG4: 0 | DH4: 0 | DI4: 1 | DJ4: 0 | DK4: 0 | DL4: 1 | DM4: 1 | DN4: 1 | DO4: 1 | DP4: 1 | DQ4: 1 | DR4: 1 | DS4: 1 | DT4: 1 | DU4: 1 | DV4: 1 | DW4: 0 | DX4: 0 | DY4: 1 | DZ4: 0 | EA4: 1 | EB4: 0 | EC4: 0 | ED4: 1 | EE4: 0 | EF4: 0 | EG4: 1 | EH4: 1 | EI4: 0 | EJ4: 1 | EK4: 1 | EL4: 1 | EM4: 0 | EN4: 1 | EO4: 0 | EP4: 0 | EQ4: 1 | ER4: 0 | ES4: 1 | ET4: 1 | EU4: 0 | EV4: 1 | EW4: 0 | EX4: 1 | EY4: 0 | EZ4: 1 | FA4: 1 | FB4: 0 | FC4: 0 | FD4: 0 | FE4: 1 | FF4: 1 | FG4: 0 | FH4: 0 | FI4: 1 | FJ4: 1 | FK4: 0 | FL4: 0 | FM4: 1 | FN4: 1 | FO4: 1 | FP4: 1 | FQ4: 1 | FR4: 1 | FS4: 1 | FT4: 0 | FU4: 1 | FV4: 1 | FW4: 1 | FX4: 1 | FY4: 1 | FZ4: 0 | GA4: 0 | GB4: 1 | GC4: 1 | GD4: 1 | GE4: 1 | GF4: 1 | GG4: 0 | GH4: 1 | GI4: 0 | GJ4: 1 | GK4: 1 | GL4: 0 | GM4: 0 | GN4: 0 | GO4: 0 | GP4: 1 | GQ4: 1 | GR4: 1 | GS4: 1 | GT4: 0 | GU4: 1 | GV4: 1 | GW4: 1 | GX4: 0 | GY4: 1 | GZ4: 1 | HA4: 1 | HB4: 0 | HC4: 1 | HD4: 0 | HE4: 1 | HF4: 1 | HG4: 0 | HH4: 1 | HI4: 0 | HJ4: 1 | HK4: 1 | HL4: 1 | HM4: 1 | HN4: 1 | HO4: 1 | HP4: 1 | HQ4: 1 | HR4: 1 | HS4: 0 | HT4: 1 | HU4: 1 | HV4: 0 | HW4: 1 | HX4: 1 | HY4: 1 | HZ4: 1 | IA4: 0 | IB4: 1 | IC4: 1 | ID4: 1 | IE4: 1 | IF4: 1 | IG4: 1 | IH4: 1 | II4: 1 | IJ4: 0 | IK4: 1 | IL4: 0 | IM4: 1 | IN4: 1 | IO4: 1 | IP4: 1 | IQ4: 1 | IR4: 1 | IS4: 1 | IT4: 1 | IU4: 0 | IV4: 1 | IW4: 1 | IX4: 1 | IY4: 1 | IZ4: 1 | JA4: 1 | JB4: 1 | JC4: 0 | JD4: 1 | JE4: 1 | JF4: 0 | JG4: 0 | JH4: 1 | JI4: 1 | JJ4: 0 | JK4: 0 | JL4: 0 | JM4: 1 | JN4: 0 | JO4: 0 | JP4: 1 | JQ4: 1 | JR4: 1 | JS4: 1 | JT4: 1 | JU4: 1 | JV4: 1 | JW4: 1 | JX4: 1 | JY4: 1 | JZ4: 1 | KA4: 1 | KB4: 1 | KC4: 0 | KD4: 1 | KE4: 1 | KF4: 1 | KG4: 1 | KH4: 1 | KI4: 1 | KJ4: 1 | KK4: 1 | KL4: 1 | KM4: 1 | KN4: 1 | KO4: 1 | KP4: 0 | KQ4: 1 | KR4: 1 | KS4: 1 | KT4: 1 | KU4: 0 | KV4: 0 | KW4: 1 | KX4: 1 | KY4: 1 | KZ4: 1 | LA4: 0 | LB4: 1 | LC4: 1 | LD4: 1 | LE4: 0 | LF4: 1 | LG4: 1 | LH4: 0 | LI4: 1 | LJ4: 1 | LK4: 1 | LL4: 1 | LM4: 0 | LN4: 0 | LO4: 1 | LP4: 1 | LQ4: 1 | LR4: 1 | LS4: 1 | LT4: 0 | LU4: 1 | LV4: 1 | LW4: 1 | LX4: 1 | LY4: 1 | LZ4: 1 | MA4: 1 | MB4: 0 | MC4: 1 | MD4: 0 | ME4: 1 | MF4: 1 | MG4: 1 | MH4: 1 | MI4: 1 | MJ4: 1 | MK4: 1 | ML4: 0 | MM4: 0 | MN4: 1 | MO4: 1 | MP4: 0 | MQ4: 1 | MR4: 1 | MS4: 1 | MT4: 1 | MU4: 1 | MV4: 1 | MW4: 1 | MX4: 1 | MY4: 1 | MZ4: 1 | NA4: 1 | NB4: 1 | NC4: 1 | ND4: 1 | NE4: 1 | NF4: 1 | NG4: 0 | NH4: 1 | NI4: 1 | NJ4: 1 | NK4: 1 | NL4: 1 | NM4: 0 | NN4: 1 | NO4: 1 | NP4: 0 | NQ4: 1 | NR4: 1 | NS4: 1 | NT4: 1 | NU4: 0 | NV4: 1 | NW4: 1 | NX4: 1 | NY4: 1 | NZ4: 1 | OA4: 1 | OB4: 1 | OC4: 1 | OD4: 1 | OE4: 1 | OF4: 1 | OG4: 0 | OH4: 1 | OI4: 1 | OJ4: 1 | OK4: 1 | OL4: 1 | OM4: 1 | ON4: 1 | OO4: 1 | OP4: 1 | OQ4: 1 | OR4: 0 | OS4: 0 | OT4: 1 | OU4: 1 | OV4: 1 | OW4: 1 | OX4: 1 | OY4: 1 | OZ4: 1 | PA4: 1 | PB4: 1 | PC4: 1 | PD4: 1 | PE4: 0 | PF4: 1 | PG4: 1 | PH4: 0 | PI4: 1 | PJ4: 0 | PK4: 1 | PL4: 1 | PM4: 1 | PN4: 1 | PO4: 1 | PP4: 0 | PQ4: 1 | PR4: 1 | PS4: 1 | PT4: 1 | PU4: 0 | PV4: 0 | PW4: 0 | PX4: 0 | PY4: 0 | PZ4: 0 | QA4: 0 | QB4: 0 | QC4: 0 | QD4: 0 | QE4: 0 | QF4: 0 | QG4: 0 | QH4: 0 | QI4: 0 | QJ4: 0 | QK4: 0 | QL4: 0 | QM4: 0 | QN4: 0 | QO4: 0 | QP4: 0 | QQ4: 0 | QR4: 0 | QS4: 0 | QT4: 0 | QU4: 0 | QV4: 0 | QW4: 0 | QX4: 0 | QY4: 0 | QZ4: 0 | RA4: 0 | RB4: 0 | RC4: 0 | RD4: 0 | RE4: 0 | RF4: 0 | RG4: 0 | RH4: 0 | RI4: 0 | RJ4: 0 | RK4: 0 | RL4: 0 | RM4: 0 | RN4: 0 | RO4: 0 | RP4: 0 | RQ4: 0 | RR4: 0 | RS4: 0 | RT4: 0 | RU4: 0 | RV4: 0 | RW4: 0 | RX4: 0 | RY4: 0 | RZ4: 0 | SA4: 0 | SB4: 0 | SC4: 0 | SD4: 0 | SE4: 0 | SF4: 0 | SG4: 0 | SH4: 0 | SI4: 0 | SJ4: 0 | SK4: 0 | SL4: 0 | SM4: 0 | SN4: 0 | SO4: 0 | SP4: 0 | SQ4: 0 | SR4: 0 | SS4: 0 | ST4: 0 | SU4: 0 | SV4: 0 | SW4: 0 | SX4: 0 | SY4: 0 | SZ4: 0 | TA4: 0 | TB4: 0 | TC4: 0 | TD4: 0 | TE4: 0 | TF4: 0 | TG4: 0 | TH4: 0 | TI4: 0 | TJ4: 0 | TK4: 0 | TL4: 0 | TM4: 0 | TN4: 0 | TO4: 0 | TP4: 0 | TQ4: 0 | TR4: 0 | TS4: 0 | TT4: 0 | TU4: 0 | TV4: 0 | TW4: 0 | TX4: 0 | TY4: 0 | TZ4: 0 | UA4: 0 | UB4: 0 | UC4: 0 | UD4: 0 | UE4: 0 | UF4: 0 | UG4: 0 | UH4: 0 | UI4: 0 | UJ4: 0 | UK4: 0 | UL4: 0 | UM4: 0 | UN4: 0 | UO4: 0 | UP4: 0 | UQ4: 0 | UR4: 0 | US4: 0 | UT4: 0 | UU4: 0 | UV4: 0 | UW4: 0 | UX4: 0 | UY4: 0 | UZ4: 0 | VA4: 0 | VB4: 0 | VC4: 0 | VD4: 0 | VE4: 0 | VF4: 0 | VG4: 0 | VH4: 0 | VI4: 0 | VJ4: 0 | VK4: 0 | VL4: 0 | VM4: 0 | VN4: 0 | VO4: 0 | VP4: 0 | VQ4: 0 | VR4: 0 | VS4: 0 | VT4: 0 | VU4: 0 | VV4: 0 | VW4: 0 | VX4: 0 | VY4: 0 | VZ4: 0 | WA4: 0 | WB4: 0 | WC4: 0 | WD4: 0 | WE4: 0 | WF4: 0 | WG4: 0 | WH4: 0 | WI4: 0 | WJ4: 0 | WK4: 0 | WL4: 0 | WM4: 0 | WN4: 0 | WO4: 0 | WP4: 0 | WQ4: 0 | WR4: 0 | WS4: 0 | WT4: 0 | WU4: 0 | WV4: 0 | WW4: 0 | WX4: 0 | WY4: 0 | WZ4: 0 | XA4: 0 | XB4: 0 | XC4: 0 | XD4: 0 | XE4: 0 | XF4: 0 | XG4: 0 | XH4: 0 | XI4: 0 | XJ4: 0 | XK4: 0 | XL4: 0 | XM4: 0 | XN4: 0 | XO4: 0 | XP4: 0 | XQ4: 0 | XR4: 0 | XS4: 0 | XT4: 0 | XU4: 0 | XV4: 0 | XW4: 0 | XX4: 0 | XY4: 0 | XZ4: 0 | YA4: 0 | YB4: 0 | YC4: 0 | YD4: 0 | YE4: 0 | YF4: 0 | YG4: 0 | YH4: 0 | YI4: 0 | YJ4: 0 | YK4: 0 | YL4: 0 | YM4: 0 | YN4: 0 | YO4: 0 | YP4: 0 | YQ4: 0 | YR4: 0 | YS4: 0 | YT4: 0 | YU4: 0 | YV4: 0 | YW4: 0 | YX4: 0 | YY4: 0 | YZ4: 0 | ZA4: 0 | ZB4: 0 | ZC4: 0 | ZD4: 0 | ZE4: 0 | ZF4: 0 | ZG4: 0 | ZH4: 0 | ZI4: 0 | ZJ4: 0 | ZK4: 0 | ZL4: 0 | ZM4: 0 | ZN4: 0 | ZO4: 0 | ZP4: 0 | ZQ4: 0 | ZR4: 0 | ZS4: 0 | ZT4: 0 | ZU4: 0 | ZV4: 0 | ZW4: 0 | ZX4: 0 | ZY4: 0 | ZZ4: 0 | AAA4: 0 | AAB4: 0 | AAC4: 0 | AAD4: 0 | AAE4: 0 | AAF4: 0 | AAG4: 0 | AAH4: 0 | AAI4: 0 | AAJ4: 0 | AAK4: 0 | AAL4: 0 | AAM4: 0 | AAN4: 0 | AAO4: 0 | AAP4: 0 | AAQ4: 0 | AAR4: 0 | AAS4: 0 | AAT4: 0 | AAU4: 0 | AAV4: 0 | AAW4: 0 | AAX4: 0 | AAY4: 0 | AAZ4: 0 | ABA4: 0 | ABB4: 0 | ABC4: 0 | ABD4: 0 | ABE4: 0 | ABF4: 0 | ABG4: 0 | ABH4: 0 | ABI4: 0 | ABJ4: 0 | ABK4: 0 | ABL4: 0 | ABM4: 0 | ABN4: 0 | ABO4: 0 | ABP4: 0 | ABQ4: 0 | ABR4: 0 | ABS4: 0 | ABT4: 0 | ABU4: 0 | ABV4: 0 | ABW4: 0 | ABX4: 0 | ABY4: 0 | ABZ4: 0 | ACA4: 0 | ACB4: 0 | ACC4: 0 | ACD4: 0 | ACE4: 0 | ACF4: 0 | ACG4: 0 | ACH4: 0 | ACI4: 0 | ACJ4: 0 | ACK4: 0 | ACL4: 0 | ACM4: 0 | ACN4: 0 | ACO4: 0 | ACP4: 0 | ACQ4: 0 | ACR4: 0 | ACS4: 0 | ACT4: 0 | ACU4: 0 | ACV4: 0 | ACW4: 0 | ACX4: 0 | ACY4: 0 | ACZ4: 0 | ADA4: 0 | ADB4: 0 | ADC4: 0 | ADD4: 0 | ADE4: 0 | ADF4: 0 | ADG4: 0 | ADH4: 0 | ADI4: 0 | ADJ4: 0 | ADK4: 0 | ADL4: 0 | ADM4: 0 | ADN4: 0 | ADO4: 0 | ADP4: 0 | ADQ4: 0 | ADR4: 0 | ADS4: 0 | ADT4: 0 | ADU4: 0 | ADV4: 0 | ADW4: 0 | ADX4: 0 | ADY4: 0 | ADZ4: 0 | AEA4: 0 | AEB4: 0 | AEC4: 0 | AED4: 0 | AEE4: 0 | AEF4: 0 | AEG4: 0 | AEH4: 0 | AEI4: 0 | AEJ4: 0 | AEK4: 0 | AEL4: 0 | AEM4: 0 | AEN4: 0 | AEO4: 0 | AEP4: 0 | AEQ4: 0 | AER4: 0 | AES4: 0 | AET4: 0 | AEU4: 0 | AEV4: 0 | AEW4: 0 | AEX4: 0 | AEY4: 0 | AEZ4: 0 | AFA4: 0 | AFB4: 0 | AFC4: 0 | AFD4: 0 | AFE4: 0 | AFF4: 0 | AFG4: 0 | AFH4: 0 | AFI4: 0 | AFJ4: 0 | AFK4: 0 | AFL4: 0 | AFM4: 0 | AFN4: 0 | AFO4: 0 | AFP4: 0 | AFQ4: 0 | AFR4: 0 | AFS4: 0 | AFT4: 0 | AFU4: 0 | AFV4: 0 | AFW4: 0 | AFX4: 0 | AFY4: 0 | AFZ4: 0 | AGA4: 0 | AGB4: 0 | AGC4: 0 | AGD4: 0 | AGE4: 0 | AGF4: 0 | AGG4: 0 | AGH4: 0 | AGI4: 0 | AGJ4: 0 | AGK4: 0 | AGL4: 0 | AGM4: 0 | AGN4: 0 | AGO4: 0 | AGP4: 0 | AGQ4: 0 | AGR4: 0 | AGS4: 0 | AGT4: 0 | AGU4: 0 | AGV4: 0 | AGW4: 0 | AGX4: 0 | AGY4: 0 | AGZ4: 0 | AHA4: 0 | AHB4: 0 | AHC4: 0 | AHD4: 0 | AHE4: 0 | AHF4: 0 | AHG4: 0 | AHH4: 0 | AHI4: 0 | AHJ4: 0 | AHK4: 0 | AHL4: 0 | AHM4: 0 | AHN4: 0 | AHO4: 0 | AHP4: 0 | AHQ4: 0 | AHR4: 0 | AHS4: 0 | AHT4: 0 | AHU4: 0 | AHV4: 0 | AHW4: 0 | AHX4: 0 | AHY4: 0 | AHZ4: 0 | AIA4: 0 | AIB4: 0 | AIC4: 0 | AID4: 0 | AIE4: 0 | AIF4: 0 | AIG4: 0 | AIH4: 0 | AII4: 0 | AIJ4: 0 | AIK4: 0 | AIL4: 0 | AIM4: 0 | AIN4: 0 | AIO4: 0 | AIP4: 0 | AIQ4: 0 | AIR4: 0 | AIS4: 0 | AIT4: 0 | AIU4: 0 | AIV4: 0 | AIW4: 0 | AIX4: 0 | AIY4: 0 | AIZ4: 0 | AJA4: 0 | AJB4: 0 | AJC4: 0 | AJD4: 0 | AJE4: 0 | AJF4: 0 | AJG4: 0 | AJH4: 0 | AJI4: 0 | AJJ4: 0 | AJK4: 0 | AJL4: 0 | AJM4: 0 | AJN4: 0 | AJO4: 0 | AJP4: 0 | AJQ4: 0 | AJR4: 0 | AJS4: 0 | AJT4: 0 | AJU4: 0 | AJV4: 0 | AJW4: 0 | AJX4: 0 | AJY4: 0 | AJZ4: 0 | AKA4: 0 | AKB4: 0 | AKC4: 0 | AKD4: 0 | AKE4: 0 | AKF4: 0 | AKG4: 0 | AKH4: 0 | AKI4: 0 | AKJ4: 0 | AKK4: 0 | AKL4: 0 | AKM4: 0 | AKN4: 0 | AKO4: 0 | AKP4: 0 | AKQ4: 0 | AKR4: 0 | AKS4: 0 | AKT4: 0 | AKU4: 0 | AKV4: 0 | AKW4: 0 | AKX4: 0 | AKY4: 0 | AKZ4: 0 | ALA4: 0 | ALB4: 0 | ALC4: 0 | ALD4: 0 | ALE4: 0 | ALF4: 0 | ALG4: 0 | ALH4: 0 | ALI4: 0 | ALJ4: 0 | ALK4: 0 | ALL4: 0 | ALM4: 0 | ALN4: 0 | ALO4: 0 | ALP4: 0 | ALQ4: 0 | ALR4: 0 | ALS4: 0 | ALT4: 0 | ALU4: 0 | ALV4: 0 | ALW4: 0 | ALX4: 0 | ALY4: 0 | ALZ4: 0 | AMA4: 0 | AMB4: 0 | AMC4: 0 | AMD4: 0 | AME4: 0 | AMF4: 0 | AMG4: 0 | AMH4: 0 | AMI4: 0 | AMJ4: 0 | AMK4: 0 | AML4: 0 | AMM4: 0 | AMN4: 0 | AMO4: 0 | AMP4: 0 | AMQ4: 0 | AMR4: 0 | AMS4: 0 | AMT4: 0 | AMU4: 0 | AMV4: 0 | AMW4: 0 | AMX4: 0 | AMY4: 0 | AMZ4: 0 | ANA4: 0 | ANB4: 0 | ANC4: 0 | AND4: 0 | ANE4: 0 | ANF4: 0 | ANG4: 0 | ANH4: 0 | ANI4: 0 | ANJ4: 0 | ANK4: 0 | ANL4: 0 | ANM4: 0 | ANN4: 0 | ANO4: 0 | ANP4: 0 | ANQ4: 0 | ANR4: 0 | ANS4: 0 | ANT4: 0 | ANU4: 0 | ANV4: 0 | ANW4: 0 | ANX4: 0 | ANY4: 0 | ANZ4: 0 | AOA4: 0 | AOB4: 0 | AOC4: 0 | AOD4: 0 | AOE4: 0 | AOF4: 0 | AOG4: 0 | AOH4: 0 | AOI4: 0 | AOJ4: 0 | AOK4: 0 | AOL4: 0 | AOM4: 0 | AON4: 0 | AOO4: 0 | AOP4: 0 | AOQ4: 0 | AOR4: 0 | AOS4: 0 | AOT4: 0 | AOU4: 0 | AOV4: 0 | AOW4: 0 | AOX4: 0 | AOY4: 0 | AOZ4: 0 | APA4: 0 | APB4: 0 | APC4: 0 | APD4: 0 | APE4: 0 | APF4: 0 | APG4: 0 | APH4: 0 | API4: 0 | APJ4: 0 | APK4: 0 | APL4: 0 | APM4: 0 | APN4: 0 | APO4: 0 | APP4: 0 | APQ4: 0 | APR4: 0 | APS4: 0 | APT4: 0 | APU4: 0 | APV4: 0 | APW4: 0 | APX4: 0 | APY4: 0 | APZ4: 0 | AQA4: 0 | AQB4: 0 | AQC4: 0 | AQD4: 0 | AQE4: 0 | AQF4: 0 | AQG4: 0 | AQH4: 0 | AQI4: 0 | AQJ4: 0 | AQK4: 0 | AQL4: 0 | AQM4: 0 | AQN4: 0 | AQO4: 0 | AQP4: 0 | AQQ4: 0 | AQR4: 0 | AQS4: 0 | AQT4: 0 | AQU4: 0 | AQV4: 0 | AQW4: 0 | AQX4: 0 | AQY4: 0 | AQZ4: 0 | ARA4: 0 | ARB4: 0 | ARC4: 0 | ARD4: 0 | ARE4: 0 | ARF4: 0 | ARG4: 0 | ARH4: 0 | ARI4: 0 | ARJ4: 0 | ARK4: 0 | ARL4: 0 | ARM4: 0 | ARN4: 0 | ARO4: 0 | ARP4: 0 | ARQ4: 0 | ARR4: 0 | ARS4: 0 | ART4: 0 | ARU4: 0 | ARV4: 0 | ARW4: 0 | ARX4: 0 | ARY4: 0 | ARZ4: 0 | ASA4: 0 | ASB4: 0 | ASC4: 0 | ASD4: 0 | ASE4: 0 | ASF4: 0 | ASG4: 0 | ASH4: 0 | ASI4: 0 | ASJ4: 0 | ASK4: 0 | ASL4: 0 | ASM4: 0 | ASN4: 0 | ASO4: 0 | ASP4: 0 | ASQ4: 0 | ASR4: 0 | ASS4: 0 | AST4: 0 | ASU4: 0 | ASV4: 0 | ASW4: 0 | ASX4: 0 | ASY4: 0 | ASZ4: 0 | ATA4: 0 | ATB4: 0 | ATC4: 0 | ATD4: 0 | ATE4: 0 | ATF4: 0 | ATG4: 0 | ATH4: 0 | ATI4: 0 | ATJ4: 0 | ATK4: 0 | ATL4: 0 | ATM4: 0 | ATN4: 0 | ATO4: 0 | ATP4: 0 | ATQ4: 0 | ATR4: 0 | ATS4: 0 | ATT4: 0 | ATU4: 0 | ATV4: 0 | ATW4: 0 | ATX4: 0 | ATY4: 0 | ATZ4: 0 | AUA4: 0 | AUB4: 0 | AUC4: 0 | AUD4: 0 | AUE4: 0 | AUF4: 0 | AUG4: 0 | AUH4: 0 | AUI4: 0 | AUJ4: 0 | AUK4: 0 | AUL4: 0 | AUM4: 0 | AUN4: 0 | AUO4: 0 | AUP4: 0 | AUQ4: 0 | AUR4: 0 | AUS4: 0 | AUT4: 0 | AUU4: 0 | AUV4: 0 | AUW4: 0 | AUX4: 0 | AUY4: 0 | AUZ4: 0 | AVA4: 0 | AVB4: 0 | AVC4: 0 | AVD4: 0 | AVE4: 0 | AVF4: 0 | AVG4: 0 | AVH4: 0 | AVI4: 0 | AVJ4: 0 | AVK4: 0 | AVL4: 0 | AVM4: 0 | AVN4: 0 | AVO4: 0 | AVP4: 0 | AVQ4: 0 | AVR4: 0 | AVS4: 0 | AVT4: 0 | AVU4: 0 | AVV4: 0 | AVW4: 0 | AVX4: 0 | AVY4: 0 | AVZ4: 0 | AWA4: 0 | AWB4: 0 | AWC4: 0 | AWD4: 0 | AWE4: 0 | AWF4: 0 | AWG4: 0 | AWH4: 0 | AWI4: 0 | AWJ4: 0 | AWK4: 0 | AWL4: 0 | AWM4: 0 | AWN4: 0 | AWO4: 0 | AWP4: 0 | AWQ4: 0 | AWR4: 0 | AWS4: 0 | AWT4: 0 | AWU4: 0 | AWV4: 0 | AWW4: 0 | AWX4: 0 | AWY4: 0 | AWZ4: 0 | AXA4: 0 | AXB4: 0 | AXC4: 0 | AXD4: 0 | AXE4: 0 | AXF4: 0 | AXG4: 0 | AXH4: 0 | AXI4: 0 | AXJ4: 0 | AXK4: 0 | AXL4: 0 | AXM4: 0 | AXN4: 0 | AXO4: 0 | AXP4: 0 | AXQ4: 0 | AXR4: 0 | AXS4: 0 | AXT4: 0 | AXU4: 0 | AXV4: 0 | AXW4: 0 | AXX4: 0 | AXY4: 0 | AXZ4: 0 | AYA4: 0 | AYB4: 0 | AYC4: 0 | AYD4: 0 | AYE4: 0 | AYF4: 0 | AYG4: 0 | AYH4: 0 | AYI4: 0 | AYJ4: 0 | AYK4: 0 | AYL4: 0 | AYM4: 0 | AYN4: 0 | AYO4: 0 | AYP4: 0 | AYQ4: 0 | AYR4: 0 | AYS4: 0 | AYT4: 0 | AYU4: 0 | AYV4: 0 | AYW4: 0 | AYX4: 0 | AYY4: 0 | AYZ4: 0 | AZA4: 0 | AZB4: 0 | AZC4: 0 | AZD4: 0 | AZE4: 0 | AZF4: 0 | AZG4: 0 | AZH4: 0 | AZI4: 0 | AZJ4: 0 | AZK4: 0 | AZL4: 0 | AZM4: 0 | AZN4: 0 | AZO4: 0 | AZP4: 0 | AZQ4: 0 | AZR4: 0 | AZS4: 0 | AZT4: 0 | AZU4: 0 | AZV4: 0 | AZW4: 0 | AZX4: 0 | AZY4: 0 | AZZ4: 0 | BAA4: 0
A5: 5163 | B5: 2512 | C5: 2811 | D5: 2804 | E5: 2815 | F5: 2704 | K5: 2112 | L5: Reading Comprehension A | M5: الإثنين 09:00 | N5: أ. يونس مصطفى | O5: 5163 | P5: سماح فتاح جيدالله سعد | Q5: 2112 | R5: Reading Comprehension A | S5: الإثنين 09:00 | T5: أ. يونس مصطفى | U5: 0 | V5: 1 | W5: 1 | X5: 1 | Y5: 1 | Z5: 1 | AA5: 1 | AB5: 1 | AC5: 1 | AD5: 1 | AE5: 1 | AF5: 1 | AG5: 0 | AH5: 1 | AI5: 1 | AJ5: 1 | AK5: 1 | AL5: 1 | AM5: 1 | AN5: 1 | AO5: 1 | AP5: 1 | AQ5: 1 | AR5: 1 | AS5: 1 | AT5: 1 | AU5: 1 | AV5: 0 | AW5: 1 | AX5: 1 | AY5: 1 | AZ5: 1 | BA5: 1 | BB5: 1 | BC5: 1 | BD5: 1 | BE5: 1 | BF5: 1 | BG5: 1 | BH5: 1 | BI5: 1 | BJ5: 1 | BK5: 1 | BL5: 1 | BM5: 1 | BN5: 1 | BO5: 1 | BP5: 1 | BQ5: 1 | BR5: 1 | BS5: 1 | BT5: 1 | BU5: 1 | BV5: 1 | BW5: 1 | BX5: 1 | BY5: 1 | BZ5: 1 | CA5: 1 | CB5: 1 | CC5: 1 | CD5: 1 | CE5: 1 | CF5: 1 | CG5: 1 | CH5: 1 | CI5: 1 | CJ5: 1 | CK5: 1 | CL5: 1 | CM5: 1 | CN5: 1 | CO5: 1 | CP5: 1 | CQ5: 1 | CR5: 1 | CS5: 1 | CT5: 1 | CU5: 1 | CV5: 1 | CW5: 1 | CX5: 1 | CY5: 1 | CZ5: 1 | DA5: 1 | DB5: 1 | DC5: 1 | DD5: 1 | DE5: 1 | DF5: 1 | DG5: 0 | DH5: 0 | DI5: 1 | DJ5: 0 | DK5: 0 | DL5: 1 | DM5: 1 | DN5: 1 | DO5: 1 | DP5: 1 | DQ5: 1 | DR5: 1 | DS5: 1 | DT5: 1 | DU5: 1 | DV5: 1 | DW5: 0 | DX5: 0 | DY5: 1 | DZ5: 0 | EA5: 1 | EB5: 0 | EC5: 1 | ED5: 1 | EE5: 0 | EF5: 0 | EG5: 1 | EH5: 1 | EI5: 0 | EJ5: 1 | EK5: 1 | EL5: 1 | EM5: 0 | EN5: 1 | EO5: 0 | EP5: 0 | EQ5: 1 | ER5: 0 | ES5: 1 | ET5: 1 | EU5: 1 | EV5: 1 | EW5: 0 | EX5: 1 | EY5: 0 | EZ5: 1 | FA5: 1 | FB5: 0 | FC5: 1 | FD5: 0 | FE5: 1 | FF5: 1 | FG5: 0 | FH5: 0 | FI5: 1 | FJ5: 1 | FK5: 0 | FL5: 0 | FM5: 1 | FN5: 1 | FO5: 1 | FP5: 1 | FQ5: 1 | FR5: 1 | FS5: 1 | FT5: 0 | FU5: 1 | FV5: 1 | FW5: 1 | FX5: 1 | FY5: 1 | FZ5: 0 | GA5: 0 | GB5: 1 | GC5: 1 | GD5: 1 | GE5: 1 | GF5: 1 | GG5: 0 | GH5: 1 | GI5: 0 | GJ5: 1 | GK5: 1 | GL5: 0 | GM5: 0 | GN5: 0 | GO5: 0 | GP5: 1 | GQ5: 1 | GR5: 1 | GS5: 1 | GT5: 0 | GU5: 1 | GV5: 1 | GW5: 1 | GX5: 0 | GY5: 1 | GZ5: 1 | HA5: 1 | HB5: 0 | HC5: 1 | HD5: 0 | HE5: 1 | HF5: 0 | HG5: 0 | HH5: 1 | HI5: 0 | HJ5: 1 | HK5: 1 | HL5: 1 | HM5: 1 | HN5: 1 | HO5: 1 | HP5: 1 | HQ5: 1 | HR5: 0 | HS5: 0 | HT5: 1 | HU5: 0 | HV5: 0 | HW5: 1 | HX5: 1 | HY5: 1 | HZ5: 1 | IA5: 0 | IB5: 1 | IC5: 1 | ID5: 1 | IE5: 1 | IF5: 1 | IG5: 1 | IH5: 1 | II5: 1 | IJ5: 1 | IK5: 1 | IL5: 0 | IM5: 1 | IN5: 1 | IO5: 1 | IP5: 1 | IQ5: 1 | IR5: 1 | IS5: 0 | IT5: 0 | IU5: 0 | IV5: 1 | IW5: 1 | IX5: 1 | IY5: 1 | IZ5: 1 | JA5: 1 | JB5: 1 | JC5: 0 | JD5: 1 | JE5: 0 | JF5: 1 | JG5: 0 | JH5: 1 | JI5: 1 | JJ5: 1 | JK5: 0 | JL5: 0 | JM5: 1 | JN5: 0 | JO5: 0 | JP5: 1 | JQ5: 1 | JR5: 1 | JS5: 1 | JT5: 1 | JU5: 1 | JV5: 1 | JW5: 1 | JX5: 1 | JY5: 1 | JZ5: 1 | KA5: 1 | KB5: 1 | KC5: 0 | KD5: 1 | KE5: 1 | KF5: 1 | KG5: 1 | KH5: 1 | KI5: 1 | KJ5: 1 | KK5: 1 | KL5: 1 | KM5: 1 | KN5: 1 | KO5: 1 | KP5: 0 | KQ5: 1 | KR5: 1 | KS5: 1 | KT5: 1 | KU5: 0 | KV5: 0 | KW5: 1 | KX5: 1 | KY5: 1 | KZ5: 1 | LA5: 1 | LB5: 1 | LC5: 1 | LD5: 1 | LE5: 0 | LF5: 1 | LG5: 1 | LH5: 0 | LI5: 1 | LJ5: 1 | LK5: 1 | LL5: 1 | LM5: 1 | LN5: 0 | LO5: 1 | LP5: 1 | LQ5: 1 | LR5: 1 | LS5: 1 | LT5: 0 | LU5: 1 | LV5: 1 | LW5: 1 | LX5: 1 | LY5: 1 | LZ5: 1 | MA5: 1 | MB5: 0 | MC5: 1 | MD5: 0 | ME5: 1 | MF5: 1 | MG5: 0 | MH5: 1 | MI5: 1 | MJ5: 1 | MK5: 1 | ML5: 0 | MM5: 0 | MN5: 1 | MO5: 1 | MP5: 0 | MQ5: 1 | MR5: 1 | MS5: 1 | MT5: 1 | MU5: 1 | MV5: 1 | MW5: 1 | MX5: 0 | MY5: 1 | MZ5: 1 | NA5: 1 | NB5: 1 | NC5: 1 | ND5: 0 | NE5: 1 | NF5: 1 | NG5: 0 | NH5: 1 | NI5: 1 | NJ5: 1 | NK5: 1 | NL5: 1 | NM5: 0 | NN5: 1 | NO5: 1 | NP5: 1 | NQ5: 1 | NR5: 1 | NS5: 1 | NT5: 1 | NU5: 0 | NV5: 1 | NW5: 1 | NX5: 1 | NY5: 1 | NZ5: 1 | OA5: 1 | OB5: 1 | OC5: 1 | OD5: 1 | OE5: 1 | OF5: 1 | OG5: 0 | OH5: 1 | OI5: 1 | OJ5: 1 | OK5: 1 | OL5: 1 | OM5: 1 | ON5: 1 | OO5: 1 | OP5: 1 | OQ5: 1 | OR5: 1 | OS5: 0 | OT5: 1 | OU5: 0 | OV5: 1 | OW5: 1 | OX5: 1 | OY5: 1 | OZ5: 1 | PA5: 1 | PB5: 1 | PC5: 1 | PD5: 1 | PE5: 0 | PF5: 1 | PG5: 1 | PH5: 1 | PI5: 1 | PJ5: 0 | PK5: 0 | PL5: 1 | PM5: 1 | PN5: 1 | PO5: 1 | PP5: 0 | PQ5: 1 | PR5: 0 | PS5: 0 | PT5: 1 | PU5: 0 | PV5: 0 | PW5: 0 | PX5: 0 | PY5: 0 | PZ5: 0 | QA5: 0 | QB5: 0 | QC5: 0 | QD5: 0 | QE5: 0 | QF5: 0 | QG5: 0 | QH5: 0 | QI5: 0 | QJ5: 0 | QK5: 0 | QL5: 0 | QM5: 0 | QN5: 0 | QO5: 0 | QP5: 0 | QQ5: 0 | QR5: 0 | QS5: 0 | QT5: 0 | QU5: 0 | QV5: 0 | QW5: 0 | QX5: 0 | QY5: 0 | QZ5: 0 | RA5: 0 | RB5: 0 | RC5: 0 | RD5: 0 | RE5: 0 | RF5: 0 | RG5: 0 | RH5: 0 | RI5: 0 | RJ5: 0 | RK5: 0 | RL5: 0 | RM5: 0 | RN5: 0 | RO5: 0 | RP5: 0 | RQ5: 0 | RR5: 0 | RS5: 0 | RT5: 0 | RU5: 0 | RV5: 0 | RW5: 0 | RX5: 0 | RY5: 0 | RZ5: 0 | SA5: 0 | SB5: 0 | SC5: 0 | SD5: 0 | SE5: 0 | SF5: 0 | SG5: 0 | SH5: 0 | SI5: 0 | SJ5: 0 | SK5: 0 | SL5: 0 | SM5: 0 | SN5: 0 | SO5: 0 | SP5: 0 | SQ5: 0 | SR5: 0 | SS5: 0 | ST5: 0 | SU5: 0 | SV5: 0 | SW5: 0 | SX5: 0 | SY5: 0 | SZ5: 0 | TA5: 0 | TB5: 0 | TC5: 0 | TD5: 0 | TE5: 0 | TF5: 0 | TG5: 0 | TH5: 0 | TI5: 0 | TJ5: 0 | TK5: 0 | TL5: 0 | TM5: 0 | TN5: 0 | TO5: 0 | TP5: 0 | TQ5: 0 | TR5: 0 | TS5: 0 | TT5: 0 | TU5: 0 | TV5: 0 | TW5: 0 | TX5: 0 | TY5: 0 | TZ5: 0 | UA5: 0 | UB5: 0 | UC5: 0 | UD5: 0 | UE5: 0 | UF5: 0 | UG5: 0 | UH5: 0 | UI5: 0 | UJ5: 0 | UK5: 0 | UL5: 0 | UM5: 0 | UN5: 0 | UO5: 0 | UP5: 0 | UQ5: 0 | UR5: 0 | US5: 0 | UT5: 0 | UU5: 0 | UV5: 0 | UW5: 0 | UX5: 0 | UY5: 0 | UZ5: 0 | VA5: 0 | VB5: 0 | VC5: 0 | VD5: 0 | VE5: 0 | VF5: 0 | VG5: 0 | VH5: 0 | VI5: 0 | VJ5: 0 | VK5: 0 | VL5: 0 | VM5: 0 | VN5: 0 | VO5: 0 | VP5: 0 | VQ5: 0 | VR5: 0 | VS5: 0 | VT5: 0 | VU5: 0 | VV5: 0 | VW5: 0 | VX5: 0 | VY5: 0 | VZ5: 0 | WA5: 0 | WB5: 0 | WC5: 0 | WD5: 0 | WE5: 0 | WF5: 0 | WG5: 0 | WH5: 0 | WI5: 0 | WJ5: 0 | WK5: 0 | WL5: 0 | WM5: 0 | WN5: 0 | WO5: 0 | WP5: 0 | WQ5: 0 | WR5: 0 | WS5: 0 | WT5: 0 | WU5: 0 | WV5: 0 | WW5: 0 | WX5: 0 | WY5: 0 | WZ5: 0 | XA5: 0 | XB5: 0 | XC5: 0 | XD5: 0 | XE5: 0 | XF5: 0 | XG5: 0 | XH5: 0 | XI5: 0 | XJ5: 0 | XK5: 0 | XL5: 0 | XM5: 0 | XN5: 0 | XO5: 0 | XP5: 0 | XQ5: 0 | XR5: 0 | XS5: 0 | XT5: 0 | XU5: 0 | XV5: 0 | XW5: 0 | XX5: 0 | XY5: 0 | XZ5: 0 | YA5: 0 | YB5: 0 | YC5: 0 | YD5: 0 | YE5: 0 | YF5: 0 | YG5: 0 | YH5: 0 | YI5: 0 | YJ5: 0 | YK5: 0 | YL5: 0 | YM5: 0 | YN5: 0 | YO5: 0 | YP5: 0 | YQ5: 0 | YR5: 0 | YS5: 0 | YT5: 0 | YU5: 0 | YV5: 0 | YW5: 0 | YX5: 0 | YY5: 0 | YZ5: 0 | ZA5: 0 | ZB5: 0 | ZC5: 0 | ZD5: 0 | ZE5: 0 | ZF5: 0 | ZG5: 0 | ZH5: 0 | ZI5: 0 | ZJ5: 0 | ZK5: 0 | ZL5: 0 | ZM5: 0 | ZN5: 0 | ZO5: 0 | ZP5: 0 | ZQ5: 0 | ZR5: 0 | ZS5: 0 | ZT5: 0 | ZU5: 0 | ZV5: 0 | ZW5: 0 | ZX5: 0 | ZY5: 0 | ZZ5: 0 | AAA5: 0 | AAB5: 0 | AAC5: 0 | AAD5: 0 | AAE5: 0 | AAF5: 0 | AAG5: 0 | AAH5: 0 | AAI5: 0 | AAJ5: 0 | AAK5: 0 | AAL5: 0 | AAM5: 0 | AAN5: 0 | AAO5: 0 | AAP5: 0 | AAQ5: 0 | AAR5: 0 | AAS5: 0 | AAT5: 0 | AAU5: 0 | AAV5: 0 | AAW5: 0 | AAX5: 0 | AAY5: 0 | AAZ5: 0 | ABA5: 0 | ABB5: 0 | ABC5: 0 | ABD5: 0 | ABE5: 0 | ABF5: 0 | ABG5: 0 | ABH5: 0 | ABI5: 0 | ABJ5: 0 | ABK5: 0 | ABL5: 0 | ABM5: 0 | ABN5: 0 | ABO5: 0 | ABP5: 0 | ABQ5: 0 | ABR5: 0 | ABS5: 0 | ABT5: 0 | ABU5: 0 | ABV5: 0 | ABW5: 0 | ABX5: 0 | ABY5: 0 | ABZ5: 0 | ACA5: 0 | ACB5: 0 | ACC5: 0 | ACD5: 0 | ACE5: 0 | ACF5: 0 | ACG5: 0 | ACH5: 0 | ACI5: 0 | ACJ5: 0 | ACK5: 0 | ACL5: 0 | ACM5: 0 | ACN5: 0 | ACO5: 0 | ACP5: 0 | ACQ5: 0 | ACR5: 0 | ACS5: 0 | ACT5: 0 | ACU5: 0 | ACV5: 0 | ACW5: 0 | ACX5: 0 | ACY5: 0 | ACZ5: 0 | ADA5: 0 | ADB5: 0 | ADC5: 0 | ADD5: 0 | ADE5: 0 | ADF5: 0 | ADG5: 0 | ADH5: 0 | ADI5: 0 | ADJ5: 0 | ADK5: 0 | ADL5: 0 | ADM5: 0 | ADN5: 0 | ADO5: 0 | ADP5: 0 | ADQ5: 0 | ADR5: 0 | ADS5: 0 | ADT5: 0 | ADU5: 0 | ADV5: 0 | ADW5: 0 | ADX5: 0 | ADY5: 0 | ADZ5: 0 | AEA5: 0 | AEB5: 0 | AEC5: 0 | AED5: 0 | AEE5: 0 | AEF5: 0 | AEG5: 0 | AEH5: 0 | AEI5: 0 | AEJ5: 0 | AEK5: 0 | AEL5: 0 | AEM5: 0 | AEN5: 0 | AEO5: 0 | AEP5: 0 | AEQ5: 0 | AER5: 0 | AES5: 0 | AET5: 0 | AEU5: 0 | AEV5: 0 | AEW5: 0 | AEX5: 0 | AEY5: 0 | AEZ5: 0 | AFA5: 0 | AFB5: 0 | AFC5: 0 | AFD5: 0 | AFE5: 0 | AFF5: 0 | AFG5: 0 | AFH5: 0 | AFI5: 0 | AFJ5: 0 | AFK5: 0 | AFL5: 0 | AFM5: 0 | AFN5: 0 | AFO5: 0 | AFP5: 0 | AFQ5: 0 | AFR5: 0 | AFS5: 0 | AFT5: 0 | AFU5: 0 | AFV5: 0 | AFW5: 0 | AFX5: 0 | AFY5: 0 | AFZ5: 0 | AGA5: 0 | AGB5: 0 | AGC5: 0 | AGD5: 0 | AGE5: 0 | AGF5: 0 | AGG5: 0 | AGH5: 0 | AGI5: 0 | AGJ5: 0 | AGK5: 0 | AGL5: 0 | AGM5: 0 | AGN5: 0 | AGO5: 0 | AGP5: 0 | AGQ5: 0 | AGR5: 0 | AGS5: 0 | AGT5: 0 | AGU5: 0 | AGV5: 0 | AGW5: 0 | AGX5: 0 | AGY5: 0 | AGZ5: 0 | AHA5: 0 | AHB5: 0 | AHC5: 0 | AHD5: 0 | AHE5: 0 | AHF5: 0 | AHG5: 0 | AHH5: 0 | AHI5: 0 | AHJ5: 0 | AHK5: 0 | AHL5: 0 | AHM5: 0 | AHN5: 0 | AHO5: 0 | AHP5: 0 | AHQ5: 0 | AHR5: 0 | AHS5: 0 | AHT5: 0 | AHU5: 0 | AHV5: 0 | AHW5: 0 | AHX5: 0 | AHY5: 0 | AHZ5: 0 | AIA5: 0 | AIB5: 0 | AIC5: 0 | AID5: 0 | AIE5: 0 | AIF5: 0 | AIG5: 0 | AIH5: 0 | AII5: 0 | AIJ5: 0 | AIK5: 0 | AIL5: 0 | AIM5: 0 | AIN5: 0 | AIO5: 0 | AIP5: 0 | AIQ5: 0 | AIR5: 0 | AIS5: 0 | AIT5: 0 | AIU5: 0 | AIV5: 0 | AIW5: 0 | AIX5: 0 | AIY5: 0 | AIZ5: 0 | AJA5: 0 | AJB5: 0 | AJC5: 0 | AJD5: 0 | AJE5: 0 | AJF5: 0 | AJG5: 0 | AJH5: 0 | AJI5: 0 | AJJ5: 0 | AJK5: 0 | AJL5: 0 | AJM5: 0 | AJN5: 0 | AJO5: 0 | AJP5: 0 | AJQ5: 0 | AJR5: 0 | AJS5: 0 | AJT5: 0 | AJU5: 0 | AJV5: 0 | AJW5: 0 | AJX5: 0 | AJY5: 0 | AJZ5: 0 | AKA5: 0 | AKB5: 0 | AKC5: 0 | AKD5: 0 | AKE5: 0 | AKF5: 0 | AKG5: 0 | AKH5: 0 | AKI5: 0 | AKJ5: 0 | AKK5: 0 | AKL5: 0 | AKM5: 0 | AKN5: 0 | AKO5: 0 | AKP5: 0 | AKQ5: 0 | AKR5: 0 | AKS5: 0 | AKT5: 0 | AKU5: 0 | AKV5: 0 | AKW5: 0 | AKX5: 0 | AKY5: 0 | AKZ5: 0 | ALA5: 0 | ALB5: 0 | ALC5: 0 | ALD5: 0 | ALE5: 0 | ALF5: 0 | ALG5: 0 | ALH5: 0 | ALI5: 0 | ALJ5: 0 | ALK5: 0 | ALL5: 0 | ALM5: 0 | ALN5: 0 | ALO5: 0 | ALP5: 0 | ALQ5: 0 | ALR5: 0 | ALS5: 0 | ALT5: 0 | ALU5: 0 | ALV5: 0 | ALW5: 0 | ALX5: 0 | ALY5: 0 | ALZ5: 0 | AMA5: 0 | AMB5: 0 | AMC5: 0 | AMD5: 0 | AME5: 0 | AMF5: 0 | AMG5: 0 | AMH5: 0 | AMI5: 0 | AMJ5: 0 | AMK5: 0 | AML5: 0 | AMM5: 0 | AMN5: 0 | AMO5: 0 | AMP5: 0 | AMQ5: 0 | AMR5: 0 | AMS5: 0 | AMT5: 0 | AMU5: 0 | AMV5: 0 | AMW5: 0 | AMX5: 0 | AMY5: 0 | AMZ5: 0 | ANA5: 0 | ANB5: 0 | ANC5: 0 | AND5: 0 | ANE5: 0 | ANF5: 0 | ANG5: 0 | ANH5: 0 | ANI5: 0 | ANJ5: 0 | ANK5: 0 | ANL5: 0 | ANM5: 0 | ANN5: 0 | ANO5: 0 | ANP5: 0 | ANQ5: 0 | ANR5: 0 | ANS5: 0 | ANT5: 0 | ANU5: 0 | ANV5: 0 | ANW5: 0 | ANX5: 0 | ANY5: 0 | ANZ5: 0 | AOA5: 0 | AOB5: 0 | AOC5: 0 | AOD5: 0 | AOE5: 0 | AOF5: 0 | AOG5: 0 | AOH5: 0 | AOI5: 0 | AOJ5: 0 | AOK5: 0 | AOL5: 0 | AOM5: 0 | AON5: 0 | AOO5: 0 | AOP5: 0 | AOQ5: 0 | AOR5: 0 | AOS5: 0 | AOT5: 0 | AOU5: 0 | AOV5: 0 | AOW5: 0 | AOX5: 0 | AOY5: 0 | AOZ5: 0 | APA5: 0 | APB5: 0 | APC5: 0 | APD5: 0 | APE5: 0 | APF5: 0 | APG5: 0 | APH5: 0 | API5: 0 | APJ5: 0 | APK5: 0 | APL5: 0 | APM5: 0 | APN5: 0 | APO5: 0 | APP5: 0 | APQ5: 0 | APR5: 0 | APS5: 0 | APT5: 0 | APU5: 0 | APV5: 0 | APW5: 0 | APX5: 0 | APY5: 0 | APZ5: 0 | AQA5: 0 | AQB5: 0 | AQC5: 0 | AQD5: 0 | AQE5: 0 | AQF5: 0 | AQG5: 0 | AQH5: 0 | AQI5: 0 | AQJ5: 0 | AQK5: 0 | AQL5: 0 | AQM5: 0 | AQN5: 0 | AQO5: 0 | AQP5: 0 | AQQ5: 0 | AQR5: 0 | AQS5: 0 | AQT5: 0 | AQU5: 0 | AQV5: 0 | AQW5: 0 | AQX5: 0 | AQY5: 0 | AQZ5: 0 | ARA5: 0 | ARB5: 0 | ARC5: 0 | ARD5: 0 | ARE5: 0 | ARF5: 0 | ARG5: 0 | ARH5: 0 | ARI5: 0 | ARJ5: 0 | ARK5: 0 | ARL5: 0 | ARM5: 0 | ARN5: 0 | ARO5: 0 | ARP5: 0 | ARQ5: 0 | ARR5: 0 | ARS5: 0 | ART5: 0 | ARU5: 0 | ARV5: 0 | ARW5: 0 | ARX5: 0 | ARY5: 0 | ARZ5: 0 | ASA5: 0 | ASB5: 0 | ASC5: 0 | ASD5: 0 | ASE5: 0 | ASF5: 0 | ASG5: 0 | ASH5: 0 | ASI5: 0 | ASJ5: 0 | ASK5: 0 | ASL5: 0 | ASM5: 0 | ASN5: 0 | ASO5: 0 | ASP5: 0 | ASQ5: 0 | ASR5: 0 | ASS5: 0 | AST5: 0 | ASU5: 0 | ASV5: 0 | ASW5: 0 | ASX5: 0 | ASY5: 0 | ASZ5: 0 | ATA5: 0 | ATB5: 0 | ATC5: 0 | ATD5: 0 | ATE5: 0 | ATF5: 0 | ATG5: 0 | ATH5: 0 | ATI5: 0 | ATJ5: 0 | ATK5: 0 | ATL5: 0 | ATM5: 0 | ATN5: 0 | ATO5: 0 | ATP5: 0 | ATQ5: 0 | ATR5: 0 | ATS5: 0 | ATT5: 0 | ATU5: 0 | ATV5: 0 | ATW5: 0 | ATX5: 0 | ATY5: 0 | ATZ5: 0 | AUA5: 0 | AUB5: 0 | AUC5: 0 | AUD5: 0 | AUE5: 0 | AUF5: 0 | AUG5: 0 | AUH5: 0 | AUI5: 0 | AUJ5: 0 | AUK5: 0 | AUL5: 0 | AUM5: 0 | AUN5: 0 | AUO5: 0 | AUP5: 0 | AUQ5: 0 | AUR5: 0 | AUS5: 0 | AUT5: 0 | AUU5: 0 | AUV5: 0 | AUW5: 0 | AUX5: 0 | AUY5: 0 | AUZ5: 0 | AVA5: 0 | AVB5: 0 | AVC5: 0 | AVD5: 0 | AVE5: 0 | AVF5: 0 | AVG5: 0 | AVH5: 0 | AVI5: 0 | AVJ5: 0 | AVK5: 0 | AVL5: 0 | AVM5: 0 | AVN5: 0 | AVO5: 0 | AVP5: 0 | AVQ5: 0 | AVR5: 0 | AVS5: 0 | AVT5: 0 | AVU5: 0 | AVV5: 0 | AVW5: 0 | AVX5: 0 | AVY5: 0 | AVZ5: 0 | AWA5: 0 | AWB5: 0 | AWC5: 0 | AWD5: 0 | AWE5: 0 | AWF5: 0 | AWG5: 0 | AWH5: 0 | AWI5: 0 | AWJ5: 0 | AWK5: 0 | AWL5: 0 | AWM5: 0 | AWN5: 0 | AWO5: 0 | AWP5: 0 | AWQ5: 0 | AWR5: 0 | AWS5: 0 | AWT5: 0 | AWU5: 0 | AWV5: 0 | AWW5: 0 | AWX5: 0 | AWY5: 0 | AWZ5: 0 | AXA5: 0 | AXB5: 0 | AXC5: 0 | AXD5: 0 | AXE5: 0 | AXF5: 0 | AXG5: 0 | AXH5: 0 | AXI5: 0 | AXJ5: 0 | AXK5: 0 | AXL5: 0 | AXM5: 0 | AXN5: 0 | AXO5: 0 | AXP5: 0 | AXQ5: 0 | AXR5: 0 | AXS5: 0 | AXT5: 0 | AXU5: 0 | AXV5: 0 | AXW5: 0 | AXX5: 0 | AXY5: 0 | AXZ5: 0 | AYA5: 0 | AYB5: 0 | AYC5: 0 | AYD5: 0 | AYE5: 0 | AYF5: 0 | AYG5: 0 | AYH5: 0 | AYI5: 0 | AYJ5: 0 | AYK5: 0 | AYL5: 0 | AYM5: 0 | AYN5: 0 | AYO5: 0 | AYP5: 0 | AYQ5: 0 | AYR5: 0 | AYS5: 0 | AYT5: 0 | AYU5: 0 | AYV5: 0 | AYW5: 0 | AYX5: 0 | AYY5: 0 | AYZ5: 0 | AZA5: 0 | AZB5: 0 | AZC5: 0 | AZD5: 0 | AZE5: 0 | AZF5: 0 | AZG5: 0 | AZH5: 0 | AZI5: 0 | AZJ5: 0 | AZK5: 0 | AZL5: 0 | AZM5: 0 | AZN5: 0 | AZO5: 0 | AZP5: 0 | AZQ5: 0 | AZR5: 0 | AZS5: 0 | AZT5: 0 | AZU5: 0 | AZV5: 0 | AZW5: 0 | AZX5: 0 | AZY5: 0 | AZZ5: 0 | BAA5: 0
A6: 5183 | B6: 2703 | C6: 2713 | D6: 2811 | E6: 2804 | F6: 2815 | K6: 2113 | L6: Writing A | M6: السبت 11:00 | N6: أ. فرج مالك | O6: 5183 | P6: عائشة سعد لطفي | Q6: 2113 | R6: Writing A | S6: السبت 11:00 | T6: أ. فرج مالك | U6: 0 | V6: 1 | W6: 1 | X6: 1 | Y6: 1 | Z6: 1 | AA6: 1 | AB6: 1 | AC6: 1 | AD6: 1 | AE6: 1 | AF6: 0 | AG6: 0 | AH6: 1 | AI6: 1 | AJ6: 1 | AK6: 1 | AL6: 1 | AM6: 1 | AN6: 1 | AO6: 1 | AP6: 1 | AQ6: 1 | AR6: 1 | AS6: 1 | AT6: 1 | AU6: 1 | AV6: 0 | AW6: 1 | AX6: 1 | AY6: 1 | AZ6: 1 | BA6: 1 | BB6: 1 | BC6: 1 | BD6: 1 | BE6: 0 | BF6: 0 | BG6: 1 | BH6: 1 | BI6: 1 | BJ6: 1 | BK6: 1 | BL6: 1 | BM6: 1 | BN6: 1 | BO6: 1 | BP6: 1 | BQ6: 0 | BR6: 1 | BS6: 1 | BT6: 1 | BU6: 1 | BV6: 1 | BW6: 0 | BX6: 1 | BY6: 1 | BZ6: 1 | CA6: 1 | CB6: 1 | CC6: 1 | CD6: 1 | CE6: 1 | CF6: 1 | CG6: 0 | CH6: 1 | CI6: 1 | CJ6: 1 | CK6: 1 | CL6: 1 | CM6: 0 | CN6: 1 | CO6: 1 | CP6: 1 | CQ6: 1 | CR6: 0 | CS6: 0 | CT6: 1 | CU6: 1 | CV6: 1 | CW6: 0 | CX6: 0 | CY6: 1 | CZ6: 0 | DA6: 1 | DB6: 1 | DC6: 1 | DD6: 1 | DE6: 0 | DF6: 1 | DG6: 0 | DH6: 0 | DI6: 0 | DJ6: 0 | DK6: 0 | DL6: 1 | DM6: 1 | DN6: 1 | DO6: 1 | DP6: 1 | DQ6: 1 | DR6: 1 | DS6: 1 | DT6: 1 | DU6: 1 | DV6: 1 | DW6: 0 | DX6: 0 | DY6: 1 | DZ6: 0 | EA6: 1 | EB6: 0 | EC6: 0 | ED6: 1 | EE6: 0 | EF6: 0 | EG6: 1 | EH6: 1 | EI6: 1 | EJ6: 1 | EK6: 1 | EL6: 1 | EM6: 0 | EN6: 1 | EO6: 0 | EP6: 0 | EQ6: 1 | ER6: 1 | ES6: 1 | ET6: 1 | EU6: 0 | EV6: 1 | EW6: 1 | EX6: 1 | EY6: 0 | EZ6: 1 | FA6: 1 | FB6: 0 | FC6: 1 | FD6: 0 | FE6: 1 | FF6: 1 | FG6: 0 | FH6: 0 | FI6: 1 | FJ6: 1 | FK6: 0 | FL6: 0 | FM6: 1 | FN6: 1 | FO6: 1 | FP6: 1 | FQ6: 1 | FR6: 1 | FS6: 1 | FT6: 0 | FU6: 1 | FV6: 1 | FW6: 1 | FX6: 1 | FY6: 1 | FZ6: 0 | GA6: 0 | GB6: 1 | GC6: 1 | GD6: 1 | GE6: 1 | GF6: 1 | GG6: 0 | GH6: 1 | GI6: 0 | GJ6: 1 | GK6: 1 | GL6: 0 | GM6: 0 | GN6: 0 | GO6: 0 | GP6: 1 | GQ6: 1 | GR6: 1 | GS6: 1 | GT6: 0 | GU6: 1 | GV6: 1 | GW6: 1 | GX6: 0 | GY6: 1 | GZ6: 1 | HA6: 1 | HB6: 0 | HC6: 1 | HD6: 0 | HE6: 1 | HF6: 1 | HG6: 0 | HH6: 1 | HI6: 0 | HJ6: 1 | HK6: 1 | HL6: 1 | HM6: 1 | HN6: 1 | HO6: 1 | HP6: 1 | HQ6: 1 | HR6: 0 | HS6: 0 | HT6: 1 | HU6: 0 | HV6: 0 | HW6: 1 | HX6: 1 | HY6: 1 | HZ6: 1 | IA6: 0 | IB6: 1 | IC6: 1 | ID6: 1 | IE6: 1 | IF6: 1 | IG6: 1 | IH6: 1 | II6: 1 | IJ6: 0 | IK6: 1 | IL6: 0 | IM6: 1 | IN6: 1 | IO6: 1 | IP6: 1 | IQ6: 1 | IR6: 1 | IS6: 0 | IT6: 0 | IU6: 0 | IV6: 1 | IW6: 1 | IX6: 1 | IY6: 1 | IZ6: 1 | JA6: 1 | JB6: 0 | JC6: 0 | JD6: 1 | JE6: 0 | JF6: 0 | JG6: 0 | JH6: 1 | JI6: 1 | JJ6: 0 | JK6: 0 | JL6: 0 | JM6: 1 | JN6: 0 | JO6: 0 | JP6: 1 | JQ6: 1 | JR6: 1 | JS6: 1 | JT6: 1 | JU6: 1 | JV6: 1 | JW6: 1 | JX6: 1 | JY6: 1 | JZ6: 1 | KA6: 1 | KB6: 1 | KC6: 0 | KD6: 1 | KE6: 1 | KF6: 1 | KG6: 1 | KH6: 1 | KI6: 1 | KJ6: 1 | KK6: 1 | KL6: 1 | KM6: 1 | KN6: 0 | KO6: 1 | KP6: 0 | KQ6: 1 | KR6: 1 | KS6: 1 | KT6: 0 | KU6: 0 | KV6: 0 | KW6: 1 | KX6: 0 | KY6: 0 | KZ6: 1 | LA6: 0 | LB6: 1 | LC6: 0 | LD6: 0 | LE6: 0 | LF6: 1 | LG6: 1 | LH6: 0 | LI6: 0 | LJ6: 1 | LK6: 1 | LL6: 1 | LM6: 0 | LN6: 0 | LO6: 0 | LP6: 1 | LQ6: 1 | LR6: 0 | LS6: 1 | LT6: 0 | LU6: 1 | LV6: 1 | LW6: 1 | LX6: 1 | LY6: 1 | LZ6: 1 | MA6: 1 | MB6: 0 | MC6: 1 | MD6: 0 | ME6: 1 | MF6: 1 | MG6: 0 | MH6: 1 | MI6: 1 | MJ6: 1 | MK6: 1 | ML6: 0 | MM6: 0 | MN6: 1 | MO6: 1 | MP6: 0 | MQ6: 1 | MR6: 1 | MS6: 1 | MT6: 1 | MU6: 1 | MV6: 1 | MW6: 1 | MX6: 0 | MY6: 1 | MZ6: 1 | NA6: 1 | NB6: 1 | NC6: 1 | ND6: 1 | NE6: 1 | NF6: 1 | NG6: 0 | NH6: 1 | NI6: 1 | NJ6: 0 | NK6: 1 | NL6: 1 | NM6: 0 | NN6: 1 | NO6: 1 | NP6: 0 | NQ6: 1 | NR6: 1 | NS6: 1 | NT6: 1 | NU6: 0 | NV6: 1 | NW6: 1 | NX6: 1 | NY6: 1 | NZ6: 1 | OA6: 1 | OB6: 0 | OC6: 1 | OD6: 1 | OE6: 1 | OF6: 1 | OG6: 0 | OH6: 0 | OI6: 1 | OJ6: 1 | OK6: 1 | OL6: 0 | OM6: 1 | ON6: 1 | OO6: 1 | OP6: 1 | OQ6: 1 | OR6: 1 | OS6: 0 | OT6: 1 | OU6: 0 | OV6: 1 | OW6: 1 | OX6: 0 | OY6: 1 | OZ6: 1 | PA6: 1 | PB6: 1 | PC6: 1 | PD6: 1 | PE6: 0 | PF6: 1 | PG6: 1 | PH6: 0 | PI6: 1 | PJ6: 1 | PK6: 1 | PL6: 1 | PM6: 1 | PN6: 1 | PO6: 1 | PP6: 0 | PQ6: 1 | PR6: 0 | PS6: 0 | PT6: 1 | PU6: 1 | PV6: 1 | PW6: 0 | PX6: 0 | PY6: 0 | PZ6: 0 | QA6: 0 | QB6: 0 | QC6: 0 | QD6: 0 | QE6: 0 | QF6: 0 | QG6: 0 | QH6: 0 | QI6: 0 | QJ6: 0 | QK6: 0 | QL6: 0 | QM6: 0 | QN6: 0 | QO6: 0 | QP6: 0 | QQ6: 0 | QR6: 0 | QS6: 0 | QT6: 0 | QU6: 0 | QV6: 0 | QW6: 0 | QX6: 0 | QY6: 0 | QZ6: 0 | RA6: 0 | RB6: 0 | RC6: 0 | RD6: 0 | RE6: 0 | RF6: 0 | RG6: 0 | RH6: 0 | RI6: 0 | RJ6: 0 | RK6: 0 | RL6: 0 | RM6: 0 | RN6: 0 | RO6: 0 | RP6: 0 | RQ6: 0 | RR6: 0 | RS6: 0 | RT6: 0 | RU6: 0 | RV6: 0 | RW6: 0 | RX6: 0 | RY6: 0 | RZ6: 0 | SA6: 0 | SB6: 0 | SC6: 0 | SD6: 0 | SE6: 0 | SF6: 0 | SG6: 0 | SH6: 0 | SI6: 0 | SJ6: 0 | SK6: 0 | SL6: 0 | SM6: 0 | SN6: 0 | SO6: 0 | SP6: 0 | SQ6: 0 | SR6: 0 | SS6: 0 | ST6: 0 | SU6: 0 | SV6: 0 | SW6: 0 | SX6: 0 | SY6: 0 | SZ6: 0 | TA6: 0 | TB6: 0 | TC6: 0 | TD6: 0 | TE6: 0 | TF6: 0 | TG6: 0 | TH6: 0 | TI6: 0 | TJ6: 0 | TK6: 0 | TL6: 0 | TM6: 0 | TN6: 0 | TO6: 0 | TP6: 0 | TQ6: 0 | TR6: 0 | TS6: 0 | TT6: 0 | TU6: 0 | TV6: 0 | TW6: 0 | TX6: 0 | TY6: 0 | TZ6: 0 | UA6: 0 | UB6: 0 | UC6: 0 | UD6: 0 | UE6: 0 | UF6: 0 | UG6: 0 | UH6: 0 | UI6: 0 | UJ6: 0 | UK6: 0 | UL6: 0 | UM6: 0 | UN6: 0 | UO6: 0 | UP6: 0 | UQ6: 0 | UR6: 0 | US6: 0 | UT6: 0 | UU6: 0 | UV6: 0 | UW6: 0 | UX6: 0 | UY6: 0 | UZ6: 0 | VA6: 0 | VB6: 0 | VC6: 0 | VD6: 0 | VE6: 0 | VF6: 0 | VG6: 0 | VH6: 0 | VI6: 0 | VJ6: 0 | VK6: 0 | VL6: 0 | VM6: 0 | VN6: 0 | VO6: 0 | VP6: 0 | VQ6: 0 | VR6: 0 | VS6: 0 | VT6: 0 | VU6: 0 | VV6: 0 | VW6: 0 | VX6: 0 | VY6: 0 | VZ6: 0 | WA6: 0 | WB6: 0 | WC6: 0 | WD6: 0 | WE6: 0 | WF6: 0 | WG6: 0 | WH6: 0 | WI6: 0 | WJ6: 0 | WK6: 0 | WL6: 0 | WM6: 0 | WN6: 0 | WO6: 0 | WP6: 0 | WQ6: 0 | WR6: 0 | WS6: 0 | WT6: 0 | WU6: 0 | WV6: 0 | WW6: 0 | WX6: 0 | WY6: 0 | WZ6: 0 | XA6: 0 | XB6: 0 | XC6: 0 | XD6: 0 | XE6: 0 | XF6: 0 | XG6: 0 | XH6: 0 | XI6: 0 | XJ6: 0 | XK6: 0 | XL6: 0 | XM6: 0 | XN6: 0 | XO6: 0 | XP6: 0 | XQ6: 0 | XR6: 0 | XS6: 0 | XT6: 0 | XU6: 0 | XV6: 0 | XW6: 0 | XX6: 0 | XY6: 0 | XZ6: 0 | YA6: 0 | YB6: 0 | YC6: 0 | YD6: 0 | YE6: 0 | YF6: 0 | YG6: 0 | YH6: 0 | YI6: 0 | YJ6: 0 | YK6: 0 | YL6: 0 | YM6: 0 | YN6: 0 | YO6: 0 | YP6: 0 | YQ6: 0 | YR6: 0 | YS6: 0 | YT6: 0 | YU6: 0 | YV6: 0 | YW6: 0 | YX6: 0 | YY6: 0 | YZ6: 0 | ZA6: 0 | ZB6: 0 | ZC6: 0 | ZD6: 0 | ZE6: 0 | ZF6: 0 | ZG6: 0 | ZH6: 0 | ZI6: 0 | ZJ6: 0 | ZK6: 0 | ZL6: 0 | ZM6: 0 | ZN6: 0 | ZO6: 0 | ZP6: 0 | ZQ6: 0 | ZR6: 0 | ZS6: 0 | ZT6: 0 | ZU6: 0 | ZV6: 0 | ZW6: 0 | ZX6: 0 | ZY6: 0 | ZZ6: 0 | AAA6: 0 | AAB6: 0 | AAC6: 0 | AAD6: 0 | AAE6: 0 | AAF6: 0 | AAG6: 0 | AAH6: 0 | AAI6: 0 | AAJ6: 0 | AAK6: 0 | AAL6: 0 | AAM6: 0 | AAN6: 0 | AAO6: 0 | AAP6: 0 | AAQ6: 0 | AAR6: 0 | AAS6: 0 | AAT6: 0 | AAU6: 0 | AAV6: 0 | AAW6: 0 | AAX6: 0 | AAY6: 0 | AAZ6: 0 | ABA6: 0 | ABB6: 0 | ABC6: 0 | ABD6: 0 | ABE6: 0 | ABF6: 0 | ABG6: 0 | ABH6: 0 | ABI6: 0 | ABJ6: 0 | ABK6: 0 | ABL6: 0 | ABM6: 0 | ABN6: 0 | ABO6: 0 | ABP6: 0 | ABQ6: 0 | ABR6: 0 | ABS6: 0 | ABT6: 0 | ABU6: 0 | ABV6: 0 | ABW6: 0 | ABX6: 0 | ABY6: 0 | ABZ6: 0 | ACA6: 0 | ACB6: 0 | ACC6: 0 | ACD6: 0 | ACE6: 0 | ACF6: 0 | ACG6: 0 | ACH6: 0 | ACI6: 0 | ACJ6: 0 | ACK6: 0 | ACL6: 0 | ACM6: 0 | ACN6: 0 | ACO6: 0 | ACP6: 0 | ACQ6: 0 | ACR6: 0 | ACS6: 0 | ACT6: 0 | ACU6: 0 | ACV6: 0 | ACW6: 0 | ACX6: 0 | ACY6: 0 | ACZ6: 0 | ADA6: 0 | ADB6: 0 | ADC6: 0 | ADD6: 0 | ADE6: 0 | ADF6: 0 | ADG6: 0 | ADH6: 0 | ADI6: 0 | ADJ6: 0 | ADK6: 0 | ADL6: 0 | ADM6: 0 | ADN6: 0 | ADO6: 0 | ADP6: 0 | ADQ6: 0 | ADR6: 0 | ADS6: 0 | ADT6: 0 | ADU6: 0 | ADV6: 0 | ADW6: 0 | ADX6: 0 | ADY6: 0 | ADZ6: 0 | AEA6: 0 | AEB6: 0 | AEC6: 0 | AED6: 0 | AEE6: 0 | AEF6: 0 | AEG6: 0 | AEH6: 0 | AEI6: 0 | AEJ6: 0 | AEK6: 0 | AEL6: 0 | AEM6: 0 | AEN6: 0 | AEO6: 0 | AEP6: 0 | AEQ6: 0 | AER6: 0 | AES6: 0 | AET6: 0 | AEU6: 0 | AEV6: 0 | AEW6: 0 | AEX6: 0 | AEY6: 0 | AEZ6: 0 | AFA6: 0 | AFB6: 0 | AFC6: 0 | AFD6: 0 | AFE6: 0 | AFF6: 0 | AFG6: 0 | AFH6: 0 | AFI6: 0 | AFJ6: 0 | AFK6: 0 | AFL6: 0 | AFM6: 0 | AFN6: 0 | AFO6: 0 | AFP6: 0 | AFQ6: 0 | AFR6: 0 | AFS6: 0 | AFT6: 0 | AFU6: 0 | AFV6: 0 | AFW6: 0 | AFX6: 0 | AFY6: 0 | AFZ6: 0 | AGA6: 0 | AGB6: 0 | AGC6: 0 | AGD6: 0 | AGE6: 0 | AGF6: 0 | AGG6: 0 | AGH6: 0 | AGI6: 0 | AGJ6: 0 | AGK6: 0 | AGL6: 0 | AGM6: 0 | AGN6: 0 | AGO6: 0 | AGP6: 0 | AGQ6: 0 | AGR6: 0 | AGS6: 0 | AGT6: 0 | AGU6: 0 | AGV6: 0 | AGW6: 0 | AGX6: 0 | AGY6: 0 | AGZ6: 0 | AHA6: 0 | AHB6: 0 | AHC6: 0 | AHD6: 0 | AHE6: 0 | AHF6: 0 | AHG6: 0 | AHH6: 0 | AHI6: 0 | AHJ6: 0 | AHK6: 0 | AHL6: 0 | AHM6: 0 | AHN6: 0 | AHO6: 0 | AHP6: 0 | AHQ6: 0 | AHR6: 0 | AHS6: 0 | AHT6: 0 | AHU6: 0 | AHV6: 0 | AHW6: 0 | AHX6: 0 | AHY6: 0 | AHZ6: 0 | AIA6: 0 | AIB6: 0 | AIC6: 0 | AID6: 0 | AIE6: 0 | AIF6: 0 | AIG6: 0 | AIH6: 0 | AII6: 0 | AIJ6: 0 | AIK6: 0 | AIL6: 0 | AIM6: 0 | AIN6: 0 | AIO6: 0 | AIP6: 0 | AIQ6: 0 | AIR6: 0 | AIS6: 0 | AIT6: 0 | AIU6: 0 | AIV6: 0 | AIW6: 0 | AIX6: 0 | AIY6: 0 | AIZ6: 0 | AJA6: 0 | AJB6: 0 | AJC6: 0 | AJD6: 0 | AJE6: 0 | AJF6: 0 | AJG6: 0 | AJH6: 0 | AJI6: 0 | AJJ6: 0 | AJK6: 0 | AJL6: 0 | AJM6: 0 | AJN6: 0 | AJO6: 0 | AJP6: 0 | AJQ6: 0 | AJR6: 0 | AJS6: 0 | AJT6: 0 | AJU6: 0 | AJV6: 0 | AJW6: 0 | AJX6: 0 | AJY6: 0 | AJZ6: 0 | AKA6: 0 | AKB6: 0 | AKC6: 0 | AKD6: 0 | AKE6: 0 | AKF6: 0 | AKG6: 0 | AKH6: 0 | AKI6: 0 | AKJ6: 0 | AKK6: 0 | AKL6: 0 | AKM6: 0 | AKN6: 0 | AKO6: 0 | AKP6: 0 | AKQ6: 0 | AKR6: 0 | AKS6: 0 | AKT6: 0 | AKU6: 0 | AKV6: 0 | AKW6: 0 | AKX6: 0 | AKY6: 0 | AKZ6: 0 | ALA6: 0 | ALB6: 0 | ALC6: 0 | ALD6: 0 | ALE6: 0 | ALF6: 0 | ALG6: 0 | ALH6: 0 | ALI6: 0 | ALJ6: 0 | ALK6: 0 | ALL6: 0 | ALM6: 0 | ALN6: 0 | ALO6: 0 | ALP6: 0 | ALQ6: 0 | ALR6: 0 | ALS6: 0 | ALT6: 0 | ALU6: 0 | ALV6: 0 | ALW6: 0 | ALX6: 0 | ALY6: 0 | ALZ6: 0 | AMA6: 0 | AMB6: 0 | AMC6: 0 | AMD6: 0 | AME6: 0 | AMF6: 0 | AMG6: 0 | AMH6: 0 | AMI6: 0 | AMJ6: 0 | AMK6: 0 | AML6: 0 | AMM6: 0 | AMN6: 0 | AMO6: 0 | AMP6: 0 | AMQ6: 0 | AMR6: 0 | AMS6: 0 | AMT6: 0 | AMU6: 0 | AMV6: 0 | AMW6: 0 | AMX6: 0 | AMY6: 0 | AMZ6: 0 | ANA6: 0 | ANB6: 0 | ANC6: 0 | AND6: 0 | ANE6: 0 | ANF6: 0 | ANG6: 0 | ANH6: 0 | ANI6: 0 | ANJ6: 0 | ANK6: 0 | ANL6: 0 | ANM6: 0 | ANN6: 0 | ANO6: 0 | ANP6: 0 | ANQ6: 0 | ANR6: 0 | ANS6: 0 | ANT6: 0 | ANU6: 0 | ANV6: 0 | ANW6: 0 | ANX6: 0 | ANY6: 0 | ANZ6: 0 | AOA6: 0 | AOB6: 0 | AOC6: 0 | AOD6: 0 | AOE6: 0 | AOF6: 0 | AOG6: 0 | AOH6: 0 | AOI6: 0 | AOJ6: 0 | AOK6: 0 | AOL6: 0 | AOM6: 0 | AON6: 0 | AOO6: 0 | AOP6: 0 | AOQ6: 0 | AOR6: 0 | AOS6: 0 | AOT6: 0 | AOU6: 0 | AOV6: 0 | AOW6: 0 | AOX6: 0 | AOY6: 0 | AOZ6: 0 | APA6: 0 | APB6: 0 | APC6: 0 | APD6: 0 | APE6: 0 | APF6: 0 | APG6: 0 | APH6: 0 | API6: 0 | APJ6: 0 | APK6: 0 | APL6: 0 | APM6: 0 | APN6: 0 | APO6: 0 | APP6: 0 | APQ6: 0 | APR6: 0 | APS6: 0 | APT6: 0 | APU6: 0 | APV6: 0 | APW6: 0 | APX6: 0 | APY6: 0 | APZ6: 0 | AQA6: 0 | AQB6: 0 | AQC6: 0 | AQD6: 0 | AQE6: 0 | AQF6: 0 | AQG6: 0 | AQH6: 0 | AQI6: 0 | AQJ6: 0 | AQK6: 0 | AQL6: 0 | AQM6: 0 | AQN6: 0 | AQO6: 0 | AQP6: 0 | AQQ6: 0 | AQR6: 0 | AQS6: 0 | AQT6: 0 | AQU6: 0 | AQV6: 0 | AQW6: 0 | AQX6: 0 | AQY6: 0 | AQZ6: 0 | ARA6: 0 | ARB6: 0 | ARC6: 0 | ARD6: 0 | ARE6: 0 | ARF6: 0 | ARG6: 0 | ARH6: 0 | ARI6: 0 | ARJ6: 0 | ARK6: 0 | ARL6: 0 | ARM6: 0 | ARN6: 0 | ARO6: 0 | ARP6: 0 | ARQ6: 0 | ARR6: 0 | ARS6: 0 | ART6: 0 | ARU6: 0 | ARV6: 0 | ARW6: 0 | ARX6: 0 | ARY6: 0 | ARZ6: 0 | ASA6: 0 | ASB6: 0 | ASC6: 0 | ASD6: 0 | ASE6: 0 | ASF6: 0 | ASG6: 0 | ASH6: 0 | ASI6: 0 | ASJ6: 0 | ASK6: 0 | ASL6: 0 | ASM6: 0 | ASN6: 0 | ASO6: 0 | ASP6: 0 | ASQ6: 0 | ASR6: 0 | ASS6: 0 | AST6: 0 | ASU6: 0 | ASV6: 0 | ASW6: 0 | ASX6: 0 | ASY6: 0 | ASZ6: 0 | ATA6: 0 | ATB6: 0 | ATC6: 0 | ATD6: 0 | ATE6: 0 | ATF6: 0 | ATG6: 0 | ATH6: 0 | ATI6: 0 | ATJ6: 0 | ATK6: 0 | ATL6: 0 | ATM6: 0 | ATN6: 0 | ATO6: 0 | ATP6: 0 | ATQ6: 0 | ATR6: 0 | ATS6: 0 | ATT6: 0 | ATU6: 0 | ATV6: 0 | ATW6: 0 | ATX6: 0 | ATY6: 0 | ATZ6: 0 | AUA6: 0 | AUB6: 0 | AUC6: 0 | AUD6: 0 | AUE6: 0 | AUF6: 0 | AUG6: 0 | AUH6: 0 | AUI6: 0 | AUJ6: 0 | AUK6: 0 | AUL6: 0 | AUM6: 0 | AUN6: 0 | AUO6: 0 | AUP6: 0 | AUQ6: 0 | AUR6: 0 | AUS6: 0 | AUT6: 0 | AUU6: 0 | AUV6: 0 | AUW6: 0 | AUX6: 0 | AUY6: 0 | AUZ6: 0 | AVA6: 0 | AVB6: 0 | AVC6: 0 | AVD6: 0 | AVE6: 0 | AVF6: 0 | AVG6: 0 | AVH6: 0 | AVI6: 0 | AVJ6: 0 | AVK6: 0 | AVL6: 0 | AVM6: 0 | AVN6: 0 | AVO6: 0 | AVP6: 0 | AVQ6: 0 | AVR6: 0 | AVS6: 0 | AVT6: 0 | AVU6: 0 | AVV6: 0 | AVW6: 0 | AVX6: 0 | AVY6: 0 | AVZ6: 0 | AWA6: 0 | AWB6: 0 | AWC6: 0 | AWD6: 0 | AWE6: 0 | AWF6: 0 | AWG6: 0 | AWH6: 0 | AWI6: 0 | AWJ6: 0 | AWK6: 0 | AWL6: 0 | AWM6: 0 | AWN6: 0 | AWO6: 0 | AWP6: 0 | AWQ6: 0 | AWR6: 0 | AWS6: 0 | AWT6: 0 | AWU6: 0 | AWV6: 0 | AWW6: 0 | AWX6: 0 | AWY6: 0 | AWZ6: 0 | AXA6: 0 | AXB6: 0 | AXC6: 0 | AXD6: 0 | AXE6: 0 | AXF6: 0 | AXG6: 0 | AXH6: 0 | AXI6: 0 | AXJ6: 0 | AXK6: 0 | AXL6: 0 | AXM6: 0 | AXN6: 0 | AXO6: 0 | AXP6: 0 | AXQ6: 0 | AXR6: 0 | AXS6: 0 | AXT6: 0 | AXU6: 0 | AXV6: 0 | AXW6: 0 | AXX6: 0 | AXY6: 0 | AXZ6: 0 | AYA6: 0 | AYB6: 0 | AYC6: 0 | AYD6: 0 | AYE6: 0 | AYF6: 0 | AYG6: 0 | AYH6: 0 | AYI6: 0 | AYJ6: 0 | AYK6: 0 | AYL6: 0 | AYM6: 0 | AYN6: 0 | AYO6: 0 | AYP6: 0 | AYQ6: 0 | AYR6: 0 | AYS6: 0 | AYT6: 0 | AYU6: 0 | AYV6: 0 | AYW6: 0 | AYX6: 0 | AYY6: 0 | AYZ6: 0 | AZA6: 0 | AZB6: 0 | AZC6: 0 | AZD6: 0 | AZE6: 0 | AZF6: 0 | AZG6: 0 | AZH6: 0 | AZI6: 0 | AZJ6: 0 | AZK6: 0 | AZL6: 0 | AZM6: 0 | AZN6: 0 | AZO6: 0 | AZP6: 0 | AZQ6: 0 | AZR6: 0 | AZS6: 0 | AZT6: 0 | AZU6: 0 | AZV6: 0 | AZW6: 0 | AZX6: 0 | AZY6: 0 | AZZ6: 0 | BAA6: 0
A7: 5219 | B7: 2704 | C7: 2811 | D7: 2812 | E7: 2813 | F7: 2804 | G7: 2815 | K7: 2114 | L7: English Grammar A | M7: الخميس 11:00 | N7: أ. الشريف الملاح | O7: 5219 | P7: فاطمة عمر امعزب | Q7: 2114 | R7: English Grammar A | S7: الخميس 11:00 | T7: أ. الشريف الملاح | U7: 0 | V7: 1 | W7: 1 | X7: 1 | Y7: 1 | Z7: 1 | AA7: 1 | AB7: 1 | AC7: 1 | AD7: 1 | AE7: 1 | AF7: 1 | AG7: 0 | AH7: 1 | AI7: 1 | AJ7: 0 | AK7: 1 | AL7: 1 | AM7: 1 | AN7: 0 | AO7: 1 | AP7: 1 | AQ7: 1 | AR7: 1 | AS7: 1 | AT7: 1 | AU7: 1 | AV7: 0 | AW7: 1 | AX7: 1 | AY7: 1 | AZ7: 1 | BA7: 1 | BB7: 1 | BC7: 1 | BD7: 1 | BE7: 0 | BF7: 0 | BG7: 1 | BH7: 1 | BI7: 1 | BJ7: 1 | BK7: 1 | BL7: 1 | BM7: 1 | BN7: 0 | BO7: 1 | BP7: 1 | BQ7: 0 | BR7: 1 | BS7: 1 | BT7: 1 | BU7: 1 | BV7: 1 | BW7: 1 | BX7: 1 | BY7: 1 | BZ7: 1 | CA7: 1 | CB7: 1 | CC7: 1 | CD7: 1 | CE7: 1 | CF7: 1 | CG7: 0 | CH7: 1 | CI7: 1 | CJ7: 1 | CK7: 1 | CL7: 1 | CM7: 1 | CN7: 0 | CO7: 1 | CP7: 1 | CQ7: 0 | CR7: 0 | CS7: 1 | CT7: 1 | CU7: 1 | CV7: 1 | CW7: 1 | CX7: 0 | CY7: 1 | CZ7: 0 | DA7: 1 | DB7: 1 | DC7: 1 | DD7: 1 | DE7: 0 | DF7: 1 | DG7: 0 | DH7: 0 | DI7: 1 | DJ7: 0 | DK7: 0 | DL7: 1 | DM7: 1 | DN7: 1 | DO7: 1 | DP7: 1 | DQ7: 1 | DR7: 1 | DS7: 1 | DT7: 1 | DU7: 1 | DV7: 1 | DW7: 0 | DX7: 0 | DY7: 1 | DZ7: 0 | EA7: 1 | EB7: 0 | EC7: 0 | ED7: 1 | EE7: 0 | EF7: 0 | EG7: 1 | EH7: 1 | EI7: 0 | EJ7: 1 | EK7: 1 | EL7: 1 | EM7: 0 | EN7: 1 | EO7: 0 | EP7: 0 | EQ7: 1 | ER7: 0 | ES7: 1 | ET7: 1 | EU7: 0 | EV7: 1 | EW7: 0 | EX7: 1 | EY7: 0 | EZ7: 1 | FA7: 1 | FB7: 0 | FC7: 0 | FD7: 0 | FE7: 1 | FF7: 1 | FG7: 0 | FH7: 0 | FI7: 1 | FJ7: 1 | FK7: 0 | FL7: 0 | FM7: 1 | FN7: 1 | FO7: 1 | FP7: 1 | FQ7: 1 | FR7: 1 | FS7: 1 | FT7: 0 | FU7: 1 | FV7: 1 | FW7: 1 | FX7: 1 | FY7: 1 | FZ7: 0 | GA7: 0 | GB7: 1 | GC7: 1 | GD7: 1 | GE7: 1 | GF7: 1 | GG7: 0 | GH7: 0 | GI7: 0 | GJ7: 1 | GK7: 1 | GL7: 0 | GM7: 0 | GN7: 1 | GO7: 0 | GP7: 1 | GQ7: 1 | GR7: 1 | GS7: 1 | GT7: 0 | GU7: 1 | GV7: 1 | GW7: 1 | GX7: 0 | GY7: 1 | GZ7: 0 | HA7: 1 | HB7: 0 | HC7: 1 | HD7: 0 | HE7: 1 | HF7: 0 | HG7: 0 | HH7: 1 | HI7: 0 | HJ7: 1 | HK7: 1 | HL7: 1 | HM7: 1 | HN7: 1 | HO7: 1 | HP7: 1 | HQ7: 1 | HR7: 0 | HS7: 0 | HT7: 1 | HU7: 0 | HV7: 0 | HW7: 1 | HX7: 1 | HY7: 1 | HZ7: 1 | IA7: 0 | IB7: 1 | IC7: 1 | ID7: 1 | IE7: 1 | IF7: 1 | IG7: 1 | IH7: 1 | II7: 1 | IJ7: 0 | IK7: 1 | IL7: 0 | IM7: 1 | IN7: 1 | IO7: 1 | IP7: 1 | IQ7: 1 | IR7: 1 | IS7: 0 | IT7: 0 | IU7: 0 | IV7: 1 | IW7: 1 | IX7: 1 | IY7: 1 | IZ7: 1 | JA7: 1 | JB7: 1 | JC7: 0 | JD7: 1 | JE7: 0 | JF7: 0 | JG7: 0 | JH7: 1 | JI7: 1 | JJ7: 0 | JK7: 0 | JL7: 0 | JM7: 0 | JN7: 0 | JO7: 0 | JP7: 1 | JQ7: 1 | JR7: 1 | JS7: 1 | JT7: 1 | JU7: 1 | JV7: 1 | JW7: 1 | JX7: 1 | JY7: 1 | JZ7: 1 | KA7: 1 | KB7: 1 | KC7: 0 | KD7: 1 | KE7: 1 | KF7: 1 | KG7: 1 | KH7: 1 | KI7: 1 | KJ7: 1 | KK7: 1 | KL7: 1 | KM7: 1 | KN7: 1 | KO7: 1 | KP7: 0 | KQ7: 1 | KR7: 1 | KS7: 1 | KT7: 0 | KU7: 0 | KV7: 0 | KW7: 1 | KX7: 0 | KY7: 0 | KZ7: 1 | LA7: 0 | LB7: 1 | LC7: 0 | LD7: 0 | LE7: 0 | LF7: 1 | LG7: 1 | LH7: 0 | LI7: 0 | LJ7: 1 | LK7: 1 | LL7: 1 | LM7: 0 | LN7: 0 | LO7: 0 | LP7: 1 | LQ7: 0 | LR7: 0 | LS7: 1 | LT7: 0 | LU7: 1 | LV7: 1 | LW7: 1 | LX7: 1 | LY7: 1 | LZ7: 1 | MA7: 1 | MB7: 0 | MC7: 1 | MD7: 0 | ME7: 1 | MF7: 1 | MG7: 1 | MH7: 1 | MI7: 1 | MJ7: 1 | MK7: 1 | ML7: 0 | MM7: 0 | MN7: 1 | MO7: 1 | MP7: 0 | MQ7: 1 | MR7: 1 | MS7: 1 | MT7: 1 | MU7: 1 | MV7: 1 | MW7: 1 | MX7: 0 | MY7: 1 | MZ7: 1 | NA7: 1 | NB7: 0 | NC7: 1 | ND7: 1 | NE7: 1 | NF7: 1 | NG7: 0 | NH7: 1 | NI7: 1 | NJ7: 1 | NK7: 1 | NL7: 1 | NM7: 0 | NN7: 1 | NO7: 0 | NP7: 0 | NQ7: 1 | NR7: 1 | NS7: 1 | NT7: 1 | NU7: 0 | NV7: 1 | NW7: 1 | NX7: 1 | NY7: 1 | NZ7: 1 | OA7: 1 | OB7: 1 | OC7: 0 | OD7: 1 | OE7: 1 | OF7: 1 | OG7: 0 | OH7: 0 | OI7: 1 | OJ7: 1 | OK7: 1 | OL7: 1 | OM7: 1 | ON7: 1 | OO7: 1 | OP7: 1 | OQ7: 1 | OR7: 1 | OS7: 0 | OT7: 1 | OU7: 0 | OV7: 0 | OW7: 1 | OX7: 0 | OY7: 1 | OZ7: 1 | PA7: 1 | PB7: 1 | PC7: 1 | PD7: 1 | PE7: 0 | PF7: 1 | PG7: 1 | PH7: 0 | PI7: 1 | PJ7: 0 | PK7: 1 | PL7: 1 | PM7: 1 | PN7: 1 | PO7: 1 | PP7: 0 | PQ7: 1 | PR7: 0 | PS7: 1 | PT7: 1 | PU7: 1 | PV7: 1 | PW7: 0 | PX7: 0 | PY7: 0 | PZ7: 0 | QA7: 0 | QB7: 0 | QC7: 0 | QD7: 0 | QE7: 0 | QF7: 0 | QG7: 0 | QH7: 0 | QI7: 0 | QJ7: 0 | QK7: 0 | QL7: 0 | QM7: 0 | QN7: 0 | QO7: 0 | QP7: 0 | QQ7: 0 | QR7: 0 | QS7: 0 | QT7: 0 | QU7: 0 | QV7: 0 | QW7: 0 | QX7: 0 | QY7: 0 | QZ7: 0 | RA7: 0 | RB7: 0 | RC7: 0 | RD7: 0 | RE7: 0 | RF7: 0 | RG7: 0 | RH7: 0 | RI7: 0 | RJ7: 0 | RK7: 0 | RL7: 0 | RM7: 0 | RN7: 0 | RO7: 0 | RP7: 0 | RQ7: 0 | RR7: 0 | RS7: 0 | RT7: 0 | RU7: 0 | RV7: 0 | RW7: 0 | RX7: 0 | RY7: 0 | RZ7: 0 | SA7: 0 | SB7: 0 | SC7: 0 | SD7: 0 | SE7: 0 | SF7: 0 | SG7: 0 | SH7: 0 | SI7: 0 | SJ7: 0 | SK7: 0 | SL7: 0 | SM7: 0 | SN7: 0 | SO7: 0 | SP7: 0 | SQ7: 0 | SR7: 0 | SS7: 0 | ST7: 0 | SU7: 0 | SV7: 0 | SW7: 0 | SX7: 0 | SY7: 0 | SZ7: 0 | TA7: 0 | TB7: 0 | TC7: 0 | TD7: 0 | TE7: 0 | TF7: 0 | TG7: 0 | TH7: 0 | TI7: 0 | TJ7: 0 | TK7: 0 | TL7: 0 | TM7: 0 | TN7: 0 | TO7: 0 | TP7: 0 | TQ7: 0 | TR7: 0 | TS7: 0 | TT7: 0 | TU7: 0 | TV7: 0 | TW7: 0 | TX7: 0 | TY7: 0 | TZ7: 0 | UA7: 0 | UB7: 0 | UC7: 0 | UD7: 0 | UE7: 0 | UF7: 0 | UG7: 0 | UH7: 0 | UI7: 0 | UJ7: 0 | UK7: 0 | UL7: 0 | UM7: 0 | UN7: 0 | UO7: 0 | UP7: 0 | UQ7: 0 | UR7: 0 | US7: 0 | UT7: 0 | UU7: 0 | UV7: 0 | UW7: 0 | UX7: 0 | UY7: 0 | UZ7: 0 | VA7: 0 | VB7: 0 | VC7: 0 | VD7: 0 | VE7: 0 | VF7: 0 | VG7: 0 | VH7: 0 | VI7: 0 | VJ7: 0 | VK7: 0 | VL7: 0 | VM7: 0 | VN7: 0 | VO7: 0 | VP7: 0 | VQ7: 0 | VR7: 0 | VS7: 0 | VT7: 0 | VU7: 0 | VV7: 0 | VW7: 0 | VX7: 0 | VY7: 0 | VZ7: 0 | WA7: 0 | WB7: 0 | WC7: 0 | WD7: 0 | WE7: 0 | WF7: 0 | WG7: 0 | WH7: 0 | WI7: 0 | WJ7: 0 | WK7: 0 | WL7: 0 | WM7: 0 | WN7: 0 | WO7: 0 | WP7: 0 | WQ7: 0 | WR7: 0 | WS7: 0 | WT7: 0 | WU7: 0 | WV7: 0 | WW7: 0 | WX7: 0 | WY7: 0 | WZ7: 0 | XA7: 0 | XB7: 0 | XC7: 0 | XD7: 0 | XE7: 0 | XF7: 0 | XG7: 0 | XH7: 0 | XI7: 0 | XJ7: 0 | XK7: 0 | XL7: 0 | XM7: 0 | XN7: 0 | XO7: 0 | XP7: 0 | XQ7: 0 | XR7: 0 | XS7: 0 | XT7: 0 | XU7: 0 | XV7: 0 | XW7: 0 | XX7: 0 | XY7: 0 | XZ7: 0 | YA7: 0 | YB7: 0 | YC7: 0 | YD7: 0 | YE7: 0 | YF7: 0 | YG7: 0 | YH7: 0 | YI7: 0 | YJ7: 0 | YK7: 0 | YL7: 0 | YM7: 0 | YN7: 0 | YO7: 0 | YP7: 0 | YQ7: 0 | YR7: 0 | YS7: 0 | YT7: 0 | YU7: 0 | YV7: 0 | YW7: 0 | YX7: 0 | YY7: 0 | YZ7: 0 | ZA7: 0 | ZB7: 0 | ZC7: 0 | ZD7: 0 | ZE7: 0 | ZF7: 0 | ZG7: 0 | ZH7: 0 | ZI7: 0 | ZJ7: 0 | ZK7: 0 | ZL7: 0 | ZM7: 0 | ZN7: 0 | ZO7: 0 | ZP7: 0 | ZQ7: 0 | ZR7: 0 | ZS7: 0 | ZT7: 0 | ZU7: 0 | ZV7: 0 | ZW7: 0 | ZX7: 0 | ZY7: 0 | ZZ7: 0 | AAA7: 0 | AAB7: 0 | AAC7: 0 | AAD7: 0 | AAE7: 0 | AAF7: 0 | AAG7: 0 | AAH7: 0 | AAI7: 0 | AAJ7: 0 | AAK7: 0 | AAL7: 0 | AAM7: 0 | AAN7: 0 | AAO7: 0 | AAP7: 0 | AAQ7: 0 | AAR7: 0 | AAS7: 0 | AAT7: 0 | AAU7: 0 | AAV7: 0 | AAW7: 0 | AAX7: 0 | AAY7: 0 | AAZ7: 0 | ABA7: 0 | ABB7: 0 | ABC7: 0 | ABD7: 0 | ABE7: 0 | ABF7: 0 | ABG7: 0 | ABH7: 0 | ABI7: 0 | ABJ7: 0 | ABK7: 0 | ABL7: 0 | ABM7: 0 | ABN7: 0 | ABO7: 0 | ABP7: 0 | ABQ7: 0 | ABR7: 0 | ABS7: 0 | ABT7: 0 | ABU7: 0 | ABV7: 0 | ABW7: 0 | ABX7: 0 | ABY7: 0 | ABZ7: 0 | ACA7: 0 | ACB7: 0 | ACC7: 0 | ACD7: 0 | ACE7: 0 | ACF7: 0 | ACG7: 0 | ACH7: 0 | ACI7: 0 | ACJ7: 0 | ACK7: 0 | ACL7: 0 | ACM7: 0 | ACN7: 0 | ACO7: 0 | ACP7: 0 | ACQ7: 0 | ACR7: 0 | ACS7: 0 | ACT7: 0 | ACU7: 0 | ACV7: 0 | ACW7: 0 | ACX7: 0 | ACY7: 0 | ACZ7: 0 | ADA7: 0 | ADB7: 0 | ADC7: 0 | ADD7: 0 | ADE7: 0 | ADF7: 0 | ADG7: 0 | ADH7: 0 | ADI7: 0 | ADJ7: 0 | ADK7: 0 | ADL7: 0 | ADM7: 0 | ADN7: 0 | ADO7: 0 | ADP7: 0 | ADQ7: 0 | ADR7: 0 | ADS7: 0 | ADT7: 0 | ADU7: 0 | ADV7: 0 | ADW7: 0 | ADX7: 0 | ADY7: 0 | ADZ7: 0 | AEA7: 0 | AEB7: 0 | AEC7: 0 | AED7: 0 | AEE7: 0 | AEF7: 0 | AEG7: 0 | AEH7: 0 | AEI7: 0 | AEJ7: 0 | AEK7: 0 | AEL7: 0 | AEM7: 0 | AEN7: 0 | AEO7: 0 | AEP7: 0 | AEQ7: 0 | AER7: 0 | AES7: 0 | AET7: 0 | AEU7: 0 | AEV7: 0 | AEW7: 0 | AEX7: 0 | AEY7: 0 | AEZ7: 0 | AFA7: 0 | AFB7: 0 | AFC7: 0 | AFD7: 0 | AFE7: 0 | AFF7: 0 | AFG7: 0 | AFH7: 0 | AFI7: 0 | AFJ7: 0 | AFK7: 0 | AFL7: 0 | AFM7: 0 | AFN7: 0 | AFO7: 0 | AFP7: 0 | AFQ7: 0 | AFR7: 0 | AFS7: 0 | AFT7: 0 | AFU7: 0 | AFV7: 0 | AFW7: 0 | AFX7: 0 | AFY7: 0 | AFZ7: 0 | AGA7: 0 | AGB7: 0 | AGC7: 0 | AGD7: 0 | AGE7: 0 | AGF7: 0 | AGG7: 0 | AGH7: 0 | AGI7: 0 | AGJ7: 0 | AGK7: 0 | AGL7: 0 | AGM7: 0 | AGN7: 0 | AGO7: 0 | AGP7: 0 | AGQ7: 0 | AGR7: 0 | AGS7: 0 | AGT7: 0 | AGU7: 0 | AGV7: 0 | AGW7: 0 | AGX7: 0 | AGY7: 0 | AGZ7: 0 | AHA7: 0 | AHB7: 0 | AHC7: 0 | AHD7: 0 | AHE7: 0 | AHF7: 0 | AHG7: 0 | AHH7: 0 | AHI7: 0 | AHJ7: 0 | AHK7: 0 | AHL7: 0 | AHM7: 0 | AHN7: 0 | AHO7: 0 | AHP7: 0 | AHQ7: 0 | AHR7: 0 | AHS7: 0 | AHT7: 0 | AHU7: 0 | AHV7: 0 | AHW7: 0 | AHX7: 0 | AHY7: 0 | AHZ7: 0 | AIA7: 0 | AIB7: 0 | AIC7: 0 | AID7: 0 | AIE7: 0 | AIF7: 0 | AIG7: 0 | AIH7: 0 | AII7: 0 | AIJ7: 0 | AIK7: 0 | AIL7: 0 | AIM7: 0 | AIN7: 0 | AIO7: 0 | AIP7: 0 | AIQ7: 0 | AIR7: 0 | AIS7: 0 | AIT7: 0 | AIU7: 0 | AIV7: 0 | AIW7: 0 | AIX7: 0 | AIY7: 0 | AIZ7: 0 | AJA7: 0 | AJB7: 0 | AJC7: 0 | AJD7: 0 | AJE7: 0 | AJF7: 0 | AJG7: 0 | AJH7: 0 | AJI7: 0 | AJJ7: 0 | AJK7: 0 | AJL7: 0 | AJM7: 0 | AJN7: 0 | AJO7: 0 | AJP7: 0 | AJQ7: 0 | AJR7: 0 | AJS7: 0 | AJT7: 0 | AJU7: 0 | AJV7: 0 | AJW7: 0 | AJX7: 0 | AJY7: 0 | AJZ7: 0 | AKA7: 0 | AKB7: 0 | AKC7: 0 | AKD7: 0 | AKE7: 0 | AKF7: 0 | AKG7: 0 | AKH7: 0 | AKI7: 0 | AKJ7: 0 | AKK7: 0 | AKL7: 0 | AKM7: 0 | AKN7: 0 | AKO7: 0 | AKP7: 0 | AKQ7: 0 | AKR7: 0 | AKS7: 0 | AKT7: 0 | AKU7: 0 | AKV7: 0 | AKW7: 0 | AKX7: 0 | AKY7: 0 | AKZ7: 0 | ALA7: 0 | ALB7: 0 | ALC7: 0 | ALD7: 0 | ALE7: 0 | ALF7: 0 | ALG7: 0 | ALH7: 0 | ALI7: 0 | ALJ7: 0 | ALK7: 0 | ALL7: 0 | ALM7: 0 | ALN7: 0 | ALO7: 0 | ALP7: 0 | ALQ7: 0 | ALR7: 0 | ALS7: 0 | ALT7: 0 | ALU7: 0 | ALV7: 0 | ALW7: 0 | ALX7: 0 | ALY7: 0 | ALZ7: 0 | AMA7: 0 | AMB7: 0 | AMC7: 0 | AMD7: 0 | AME7: 0 | AMF7: 0 | AMG7: 0 | AMH7: 0 | AMI7: 0 | AMJ7: 0 | AMK7: 0 | AML7: 0 | AMM7: 0 | AMN7: 0 | AMO7: 0 | AMP7: 0 | AMQ7: 0 | AMR7: 0 | AMS7: 0 | AMT7: 0 | AMU7: 0 | AMV7: 0 | AMW7: 0 | AMX7: 0 | AMY7: 0 | AMZ7: 0 | ANA7: 0 | ANB7: 0 | ANC7: 0 | AND7: 0 | ANE7: 0 | ANF7: 0 | ANG7: 0 | ANH7: 0 | ANI7: 0 | ANJ7: 0 | ANK7: 0 | ANL7: 0 | ANM7: 0 | ANN7: 0 | ANO7: 0 | ANP7: 0 | ANQ7: 0 | ANR7: 0 | ANS7: 0 | ANT7: 0 | ANU7: 0 | ANV7: 0 | ANW7: 0 | ANX7: 0 | ANY7: 0 | ANZ7: 0 | AOA7: 0 | AOB7: 0 | AOC7: 0 | AOD7: 0 | AOE7: 0 | AOF7: 0 | AOG7: 0 | AOH7: 0 | AOI7: 0 | AOJ7: 0 | AOK7: 0 | AOL7: 0 | AOM7: 0 | AON7: 0 | AOO7: 0 | AOP7: 0 | AOQ7: 0 | AOR7: 0 | AOS7: 0 | AOT7: 0 | AOU7: 0 | AOV7: 0 | AOW7: 0 | AOX7: 0 | AOY7: 0 | AOZ7: 0 | APA7: 0 | APB7: 0 | APC7: 0 | APD7: 0 | APE7: 0 | APF7: 0 | APG7: 0 | APH7: 0 | API7: 0 | APJ7: 0 | APK7: 0 | APL7: 0 | APM7: 0 | APN7: 0 | APO7: 0 | APP7: 0 | APQ7: 0 | APR7: 0 | APS7: 0 | APT7: 0 | APU7: 0 | APV7: 0 | APW7: 0 | APX7: 0 | APY7: 0 | APZ7: 0 | AQA7: 0 | AQB7: 0 | AQC7: 0 | AQD7: 0 | AQE7: 0 | AQF7: 0 | AQG7: 0 | AQH7: 0 | AQI7: 0 | AQJ7: 0 | AQK7: 0 | AQL7: 0 | AQM7: 0 | AQN7: 0 | AQO7: 0 | AQP7: 0 | AQQ7: 0 | AQR7: 0 | AQS7: 0 | AQT7: 0 | AQU7: 0 | AQV7: 0 | AQW7: 0 | AQX7: 0 | AQY7: 0 | AQZ7: 0 | ARA7: 0 | ARB7: 0 | ARC7: 0 | ARD7: 0 | ARE7: 0 | ARF7: 0 | ARG7: 0 | ARH7: 0 | ARI7: 0 | ARJ7: 0 | ARK7: 0 | ARL7: 0 | ARM7: 0 | ARN7: 0 | ARO7: 0 | ARP7: 0 | ARQ7: 0 | ARR7: 0 | ARS7: 0 | ART7: 0 | ARU7: 0 | ARV7: 0 | ARW7: 0 | ARX7: 0 | ARY7: 0 | ARZ7: 0 | ASA7: 0 | ASB7: 0 | ASC7: 0 | ASD7: 0 | ASE7: 0 | ASF7: 0 | ASG7: 0 | ASH7: 0 | ASI7: 0 | ASJ7: 0 | ASK7: 0 | ASL7: 0 | ASM7: 0 | ASN7: 0 | ASO7: 0 | ASP7: 0 | ASQ7: 0 | ASR7: 0 | ASS7: 0 | AST7: 0 | ASU7: 0 | ASV7: 0 | ASW7: 0 | ASX7: 0 | ASY7: 0 | ASZ7: 0 | ATA7: 0 | ATB7: 0 | ATC7: 0 | ATD7: 0 | ATE7: 0 | ATF7: 0 | ATG7: 0 | ATH7: 0 | ATI7: 0 | ATJ7: 0 | ATK7: 0 | ATL7: 0 | ATM7: 0 | ATN7: 0 | ATO7: 0 | ATP7: 0 | ATQ7: 0 | ATR7: 0 | ATS7: 0 | ATT7: 0 | ATU7: 0 | ATV7: 0 | ATW7: 0 | ATX7: 0 | ATY7: 0 | ATZ7: 0 | AUA7: 0 | AUB7: 0 | AUC7: 0 | AUD7: 0 | AUE7: 0 | AUF7: 0 | AUG7: 0 | AUH7: 0 | AUI7: 0 | AUJ7: 0 | AUK7: 0 | AUL7: 0 | AUM7: 0 | AUN7: 0 | AUO7: 0 | AUP7: 0 | AUQ7: 0 | AUR7: 0 | AUS7: 0 | AUT7: 0 | AUU7: 0 | AUV7: 0 | AUW7: 0 | AUX7: 0 | AUY7: 0 | AUZ7: 0 | AVA7: 0 | AVB7: 0 | AVC7: 0 | AVD7: 0 | AVE7: 0 | AVF7: 0 | AVG7: 0 | AVH7: 0 | AVI7: 0 | AVJ7: 0 | AVK7: 0 | AVL7: 0 | AVM7: 0 | AVN7: 0 | AVO7: 0 | AVP7: 0 | AVQ7: 0 | AVR7: 0 | AVS7: 0 | AVT7: 0 | AVU7: 0 | AVV7: 0 | AVW7: 0 | AVX7: 0 | AVY7: 0 | AVZ7: 0 | AWA7: 0 | AWB7: 0 | AWC7: 0 | AWD7: 0 | AWE7: 0 | AWF7: 0 | AWG7: 0 | AWH7: 0 | AWI7: 0 | AWJ7: 0 | AWK7: 0 | AWL7: 0 | AWM7: 0 | AWN7: 0 | AWO7: 0 | AWP7: 0 | AWQ7: 0 | AWR7: 0 | AWS7: 0 | AWT7: 0 | AWU7: 0 | AWV7: 0 | AWW7: 0 | AWX7: 0 | AWY7: 0 | AWZ7: 0 | AXA7: 0 | AXB7: 0 | AXC7: 0 | AXD7: 0 | AXE7: 0 | AXF7: 0 | AXG7: 0 | AXH7: 0 | AXI7: 0 | AXJ7: 0 | AXK7: 0 | AXL7: 0 | AXM7: 0 | AXN7: 0 | AXO7: 0 | AXP7: 0 | AXQ7: 0 | AXR7: 0 | AXS7: 0 | AXT7: 0 | AXU7: 0 | AXV7: 0 | AXW7: 0 | AXX7: 0 | AXY7: 0 | AXZ7: 0 | AYA7: 0 | AYB7: 0 | AYC7: 0 | AYD7: 0 | AYE7: 0 | AYF7: 0 | AYG7: 0 | AYH7: 0 | AYI7: 0 | AYJ7: 0 | AYK7: 0 | AYL7: 0 | AYM7: 0 | AYN7: 0 | AYO7: 0 | AYP7: 0 | AYQ7: 0 | AYR7: 0 | AYS7: 0 | AYT7: 0 | AYU7: 0 | AYV7: 0 | AYW7: 0 | AYX7: 0 | AYY7: 0 | AYZ7: 0 | AZA7: 0 | AZB7: 0 | AZC7: 0 | AZD7: 0 | AZE7: 0 | AZF7: 0 | AZG7: 0 | AZH7: 0 | AZI7: 0 | AZJ7: 0 | AZK7: 0 | AZL7: 0 | AZM7: 0 | AZN7: 0 | AZO7: 0 | AZP7: 0 | AZQ7: 0 | AZR7: 0 | AZS7: 0 | AZT7: 0 | AZU7: 0 | AZV7: 0 | AZW7: 0 | AZX7: 0 | AZY7: 0 | AZZ7: 0 | BAA7: 0
A8: 5249 | B8: 2713 | C8: 2811 | D8: 2804 | E8: 2815 | F8: 2813 | K8: 0 | L8: 0 | O8: 5249 | P8: هاجر عبدالجليل محمد صالح | Q8: 0 | R8: 0 | U8: 0 | V8: 0 | W8: 0 | X8: 0 | Y8: 0 | Z8: 0 | AA8: 0 | AB8: 0 | AC8: 0 | AD8: 0 | AE8: 0 | AF8: 0 | AG8: 0 | AH8: 0 | AI8: 0 | AJ8: 0 | AK8: 0 | AL8: 0 | AM8: 0 | AN8: 0 | AO8: 0 | AP8: 0 | AQ8: 0 | AR8: 0 | AS8: 0 | AT8: 0 | AU8: 0 | AV8: 0 | AW8: 0 | AX8: 0 | AY8: 0 | AZ8: 0 | BA8: 0 | BB8: 0 | BC8: 0 | BD8: 0 | BE8: 0 | BF8: 0 | BG8: 0 | BH8: 0 | BI8: 0 | BJ8: 0 | BK8: 0 | BL8: 0 | BM8: 0 | BN8: 0 | BO8: 0 | BP8: 0 | BQ8: 0 | BR8: 0 | BS8: 0 | BT8: 0 | BU8: 0 | BV8: 0 | BW8: 0 | BX8: 0 | BY8: 0 | BZ8: 0 | CA8: 0 | CB8: 0 | CC8: 0 | CD8: 0 | CE8: 0 | CF8: 0 | CG8: 0 | CH8: 0 | CI8: 0 | CJ8: 0 | CK8: 0 | CL8: 0 | CM8: 0 | CN8: 0 | CO8: 0 | CP8: 0 | CQ8: 0 | CR8: 0 | CS8: 0 | CT8: 0 | CU8: 0 | CV8: 0 | CW8: 0 | CX8: 0 | CY8: 0 | CZ8: 0 | DA8: 0 | DB8: 0 | DC8: 0 | DD8: 0 | DE8: 0 | DF8: 0 | DG8: 0 | DH8: 0 | DI8: 0 | DJ8: 0 | DK8: 0 | DL8: 0 | DM8: 0 | DN8: 0 | DO8: 0 | DP8: 0 | DQ8: 0 | DR8: 0 | DS8: 0 | DT8: 0 | DU8: 0 | DV8: 0 | DW8: 0 | DX8: 0 | DY8: 0 | DZ8: 0 | EA8: 0 | EB8: 0 | EC8: 0 | ED8: 0 | EE8: 0 | EF8: 0 | EG8: 0 | EH8: 0 | EI8: 0 | EJ8: 0 | EK8: 0 | EL8: 0 | EM8: 0 | EN8: 0 | EO8: 0 | EP8: 0 | EQ8: 0 | ER8: 0 | ES8: 0 | ET8: 0 | EU8: 0 | EV8: 0 | EW8: 0 | EX8: 0 | EY8: 0 | EZ8: 0 | FA8: 0 | FB8: 0 | FC8: 0 | FD8: 0 | FE8: 0 | FF8: 0 | FG8: 0 | FH8: 0 | FI8: 0 | FJ8: 0 | FK8: 0 | FL8: 0 | FM8: 0 | FN8: 0 | FO8: 0 | FP8: 0 | FQ8: 0 | FR8: 0 | FS8: 0 | FT8: 0 | FU8: 0 | FV8: 0 | FW8: 0 | FX8: 0 | FY8: 0 | FZ8: 0 | GA8: 0 | GB8: 0 | GC8: 0 | GD8: 0 | GE8: 0 | GF8: 0 | GG8: 0 | GH8: 0 | GI8: 0 | GJ8: 0 | GK8: 0 | GL8: 0 | GM8: 0 | GN8: 0 | GO8: 0 | GP8: 0 | GQ8: 0 | GR8: 0 | GS8: 0 | GT8: 0 | GU8: 0 | GV8: 0 | GW8: 0 | GX8: 0 | GY8: 0 | GZ8: 0 | HA8: 0 | HB8: 0 | HC8: 0 | HD8: 0 | HE8: 0 | HF8: 0 | HG8: 0 | HH8: 0 | HI8: 0 | HJ8: 0 | HK8: 0 | HL8: 0 | HM8: 0 | HN8: 0 | HO8: 0 | HP8: 0 | HQ8: 0 | HR8: 0 | HS8: 0 | HT8: 0 | HU8: 0 | HV8: 0 | HW8: 0 | HX8: 0 | HY8: 0 | HZ8: 0 | IA8: 0 | IB8: 0 | IC8: 0 | ID8: 0 | IE8: 0 | IF8: 0 | IG8: 0 | IH8: 0 | II8: 0 | IJ8: 0 | IK8: 0 | IL8: 0 | IM8: 0 | IN8: 0 | IO8: 0 | IP8: 0 | IQ8: 0 | IR8: 0 | IS8: 0 | IT8: 0 | IU8: 0 | IV8: 0 | IW8: 0 | IX8: 0 | IY8: 0 | IZ8: 0 | JA8: 0 | JB8: 0 | JC8: 0 | JD8: 0 | JE8: 0 | JF8: 0 | JG8: 0 | JH8: 0 | JI8: 0 | JJ8: 0 | JK8: 0 | JL8: 0 | JM8: 0 | JN8: 0 | JO8: 0 | JP8: 0 | JQ8: 0 | JR8: 0 | JS8: 0 | JT8: 0 | JU8: 0 | JV8: 0 | JW8: 0 | JX8: 0 | JY8: 0 | JZ8: 0 | KA8: 0 | KB8: 0 | KC8: 0 | KD8: 0 | KE8: 0 | KF8: 0 | KG8: 0 | KH8: 0 | KI8: 0 | KJ8: 0 | KK8: 0 | KL8: 0 | KM8: 0 | KN8: 0 | KO8: 0 | KP8: 0 | KQ8: 0 | KR8: 0 | KS8: 0 | KT8: 0 | KU8: 0 | KV8: 0 | KW8: 0 | KX8: 0 | KY8: 0 | KZ8: 0 | LA8: 0 | LB8: 0 | LC8: 0 | LD8: 0 | LE8: 0 | LF8: 0 | LG8: 0 | LH8: 0 | LI8: 0 | LJ8: 0 | LK8: 0 | LL8: 0 | LM8: 0 | LN8: 0 | LO8: 0 | LP8: 0 | LQ8: 0 | LR8: 0 | LS8: 0 | LT8: 0 | LU8: 0 | LV8: 0 | LW8: 0 | LX8: 0 | LY8: 0 | LZ8: 0 | MA8: 0 | MB8: 0 | MC8: 0 | MD8: 0 | ME8: 0 | MF8: 0 | MG8: 0 | MH8: 0 | MI8: 0 | MJ8: 0 | MK8: 0 | ML8: 0 | MM8: 0 | MN8: 0 | MO8: 0 | MP8: 0 | MQ8: 0 | MR8: 0 | MS8: 0 | MT8: 0 | MU8: 0 | MV8: 0 | MW8: 0 | MX8: 0 | MY8: 0 | MZ8: 0 | NA8: 0 | NB8: 0 | NC8: 0 | ND8: 0 | NE8: 0 | NF8: 0 | NG8: 0 | NH8: 0 | NI8: 0 | NJ8: 0 | NK8: 0 | NL8: 0 | NM8: 0 | NN8: 0 | NO8: 0 | NP8: 0 | NQ8: 0 | NR8: 0 | NS8: 0 | NT8: 0 | NU8: 0 | NV8: 0 | NW8: 0 | NX8: 0 | NY8: 0 | NZ8: 0 | OA8: 0 | OB8: 0 | OC8: 0 | OD8: 0 | OE8: 0 | OF8: 0 | OG8: 0 | OH8: 0 | OI8: 0 | OJ8: 0 | OK8: 0 | OL8: 0 | OM8: 0 | ON8: 0 | OO8: 0 | OP8: 0 | OQ8: 0 | OR8: 0 | OS8: 0 | OT8: 0 | OU8: 0 | OV8: 0 | OW8: 0 | OX8: 0 | OY8: 0 | OZ8: 0 | PA8: 0 | PB8: 0 | PC8: 0 | PD8: 0 | PE8: 0 | PF8: 0 | PG8: 0 | PH8: 0 | PI8: 0 | PJ8: 0 | PK8: 0 | PL8: 0 | PM8: 0 | PN8: 0 | PO8: 0 | PP8: 0 | PQ8: 0 | PR8: 0 | PS8: 0 | PT8: 0 | PU8: 0 | PV8: 0 | PW8: 0 | PX8: 0 | PY8: 0 | PZ8: 0 | QA8: 0 | QB8: 0 | QC8: 0 | QD8: 0 | QE8: 0 | QF8: 0 | QG8: 0 | QH8: 0 | QI8: 0 | QJ8: 0 | QK8: 0 | QL8: 0 | QM8: 0 | QN8: 0 | QO8: 0 | QP8: 0 | QQ8: 0 | QR8: 0 | QS8: 0 | QT8: 0 | QU8: 0 | QV8: 0 | QW8: 0 | QX8: 0 | QY8: 0 | QZ8: 0 | RA8: 0 | RB8: 0 | RC8: 0 | RD8: 0 | RE8: 0 | RF8: 0 | RG8: 0 | RH8: 0 | RI8: 0 | RJ8: 0 | RK8: 0 | RL8: 0 | RM8: 0 | RN8: 0 | RO8: 0 | RP8: 0 | RQ8: 0 | RR8: 0 | RS8: 0 | RT8: 0 | RU8: 0 | RV8: 0 | RW8: 0 | RX8: 0 | RY8: 0 | RZ8: 0 | SA8: 0 | SB8: 0 | SC8: 0 | SD8: 0 | SE8: 0 | SF8: 0 | SG8: 0 | SH8: 0 | SI8: 0 | SJ8: 0 | SK8: 0 | SL8: 0 | SM8: 0 | SN8: 0 | SO8: 0 | SP8: 0 | SQ8: 0 | SR8: 0 | SS8: 0 | ST8: 0 | SU8: 0 | SV8: 0 | SW8: 0 | SX8: 0 | SY8: 0 | SZ8: 0 | TA8: 0 | TB8: 0 | TC8: 0 | TD8: 0 | TE8: 0 | TF8: 0 | TG8: 0 | TH8: 0 | TI8: 0 | TJ8: 0 | TK8: 0 | TL8: 0 | TM8: 0 | TN8: 0 | TO8: 0 | TP8: 0 | TQ8: 0 | TR8: 0 | TS8: 0 | TT8: 0 | TU8: 0 | TV8: 0 | TW8: 0 | TX8: 0 | TY8: 0 | TZ8: 0 | UA8: 0 | UB8: 0 | UC8: 0 | UD8: 0 | UE8: 0 | UF8: 0 | UG8: 0 | UH8: 0 | UI8: 0 | UJ8: 0 | UK8: 0 | UL8: 0 | UM8: 0 | UN8: 0 | UO8: 0 | UP8: 0 | UQ8: 0 | UR8: 0 | US8: 0 | UT8: 0 | UU8: 0 | UV8: 0 | UW8: 0 | UX8: 0 | UY8: 0 | UZ8: 0 | VA8: 0 | VB8: 0 | VC8: 0 | VD8: 0 | VE8: 0 | VF8: 0 | VG8: 0 | VH8: 0 | VI8: 0 | VJ8: 0 | VK8: 0 | VL8: 0 | VM8: 0 | VN8: 0 | VO8: 0 | VP8: 0 | VQ8: 0 | VR8: 0 | VS8: 0 | VT8: 0 | VU8: 0 | VV8: 0 | VW8: 0 | VX8: 0 | VY8: 0 | VZ8: 0 | WA8: 0 | WB8: 0 | WC8: 0 | WD8: 0 | WE8: 0 | WF8: 0 | WG8: 0 | WH8: 0 | WI8: 0 | WJ8: 0 | WK8: 0 | WL8: 0 | WM8: 0 | WN8: 0 | WO8: 0 | WP8: 0 | WQ8: 0 | WR8: 0 | WS8: 0 | WT8: 0 | WU8: 0 | WV8: 0 | WW8: 0 | WX8: 0 | WY8: 0 | WZ8: 0 | XA8: 0 | XB8: 0 | XC8: 0 | XD8: 0 | XE8: 0 | XF8: 0 | XG8: 0 | XH8: 0 | XI8: 0 | XJ8: 0 | XK8: 0 | XL8: 0 | XM8: 0 | XN8: 0 | XO8: 0 | XP8: 0 | XQ8: 0 | XR8: 0 | XS8: 0 | XT8: 0 | XU8: 0 | XV8: 0 | XW8: 0 | XX8: 0 | XY8: 0 | XZ8: 0 | YA8: 0 | YB8: 0 | YC8: 0 | YD8: 0 | YE8: 0 | YF8: 0 | YG8: 0 | YH8: 0 | YI8: 0 | YJ8: 0 | YK8: 0 | YL8: 0 | YM8: 0 | YN8: 0 | YO8: 0 | YP8: 0 | YQ8: 0 | YR8: 0 | YS8: 0 | YT8: 0 | YU8: 0 | YV8: 0 | YW8: 0 | YX8: 0 | YY8: 0 | YZ8: 0 | ZA8: 0 | ZB8: 0 | ZC8: 0 | ZD8: 0 | ZE8: 0 | ZF8: 0 | ZG8: 0 | ZH8: 0 | ZI8: 0 | ZJ8: 0 | ZK8: 0 | ZL8: 0 | ZM8: 0 | ZN8: 0 | ZO8: 0 | ZP8: 0 | ZQ8: 0 | ZR8: 0 | ZS8: 0 | ZT8: 0 | ZU8: 0 | ZV8: 0 | ZW8: 0 | ZX8: 0 | ZY8: 0 | ZZ8: 0 | AAA8: 0 | AAB8: 0 | AAC8: 0 | AAD8: 0 | AAE8: 0 | AAF8: 0 | AAG8: 0 | AAH8: 0 | AAI8: 0 | AAJ8: 0 | AAK8: 0 | AAL8: 0 | AAM8: 0 | AAN8: 0 | AAO8: 0 | AAP8: 0 | AAQ8: 0 | AAR8: 0 | AAS8: 0 | AAT8: 0 | AAU8: 0 | AAV8: 0 | AAW8: 0 | AAX8: 0 | AAY8: 0 | AAZ8: 0 | ABA8: 0 | ABB8: 0 | ABC8: 0 | ABD8: 0 | ABE8: 0 | ABF8: 0 | ABG8: 0 | ABH8: 0 | ABI8: 0 | ABJ8: 0 | ABK8: 0 | ABL8: 0 | ABM8: 0 | ABN8: 0 | ABO8: 0 | ABP8: 0 | ABQ8: 0 | ABR8: 0 | ABS8: 0 | ABT8: 0 | ABU8: 0 | ABV8: 0 | ABW8: 0 | ABX8: 0 | ABY8: 0 | ABZ8: 0 | ACA8: 0 | ACB8: 0 | ACC8: 0 | ACD8: 0 | ACE8: 0 | ACF8: 0 | ACG8: 0 | ACH8: 0 | ACI8: 0 | ACJ8: 0 | ACK8: 0 | ACL8: 0 | ACM8: 0 | ACN8: 0 | ACO8: 0 | ACP8: 0 | ACQ8: 0 | ACR8: 0 | ACS8: 0 | ACT8: 0 | ACU8: 0 | ACV8: 0 | ACW8: 0 | ACX8: 0 | ACY8: 0 | ACZ8: 0 | ADA8: 0 | ADB8: 0 | ADC8: 0 | ADD8: 0 | ADE8: 0 | ADF8: 0 | ADG8: 0 | ADH8: 0 | ADI8: 0 | ADJ8: 0 | ADK8: 0 | ADL8: 0 | ADM8: 0 | ADN8: 0 | ADO8: 0 | ADP8: 0 | ADQ8: 0 | ADR8: 0 | ADS8: 0 | ADT8: 0 | ADU8: 0 | ADV8: 0 | ADW8: 0 | ADX8: 0 | ADY8: 0 | ADZ8: 0 | AEA8: 0 | AEB8: 0 | AEC8: 0 | AED8: 0 | AEE8: 0 | AEF8: 0 | AEG8: 0 | AEH8: 0 | AEI8: 0 | AEJ8: 0 | AEK8: 0 | AEL8: 0 | AEM8: 0 | AEN8: 0 | AEO8: 0 | AEP8: 0 | AEQ8: 0 | AER8: 0 | AES8: 0 | AET8: 0 | AEU8: 0 | AEV8: 0 | AEW8: 0 | AEX8: 0 | AEY8: 0 | AEZ8: 0 | AFA8: 0 | AFB8: 0 | AFC8: 0 | AFD8: 0 | AFE8: 0 | AFF8: 0 | AFG8: 0 | AFH8: 0 | AFI8: 0 | AFJ8: 0 | AFK8: 0 | AFL8: 0 | AFM8: 0 | AFN8: 0 | AFO8: 0 | AFP8: 0 | AFQ8: 0 | AFR8: 0 | AFS8: 0 | AFT8: 0 | AFU8: 0 | AFV8: 0 | AFW8: 0 | AFX8: 0 | AFY8: 0 | AFZ8: 0 | AGA8: 0 | AGB8: 0 | AGC8: 0 | AGD8: 0 | AGE8: 0 | AGF8: 0 | AGG8: 0 | AGH8: 0 | AGI8: 0 | AGJ8: 0 | AGK8: 0 | AGL8: 0 | AGM8: 0 | AGN8: 0 | AGO8: 0 | AGP8: 0 | AGQ8: 0 | AGR8: 0 | AGS8: 0 | AGT8: 0 | AGU8: 0 | AGV8: 0 | AGW8: 0 | AGX8: 0 | AGY8: 0 | AGZ8: 0 | AHA8: 0 | AHB8: 0 | AHC8: 0 | AHD8: 0 | AHE8: 0 | AHF8: 0 | AHG8: 0 | AHH8: 0 | AHI8: 0 | AHJ8: 0 | AHK8: 0 | AHL8: 0 | AHM8: 0 | AHN8: 0 | AHO8: 0 | AHP8: 0 | AHQ8: 0 | AHR8: 0 | AHS8: 0 | AHT8: 0 | AHU8: 0 | AHV8: 0 | AHW8: 0 | AHX8: 0 | AHY8: 0 | AHZ8: 0 | AIA8: 0 | AIB8: 0 | AIC8: 0 | AID8: 0 | AIE8: 0 | AIF8: 0 | AIG8: 0 | AIH8: 0 | AII8: 0 | AIJ8: 0 | AIK8: 0 | AIL8: 0 | AIM8: 0 | AIN8: 0 | AIO8: 0 | AIP8: 0 | AIQ8: 0 | AIR8: 0 | AIS8: 0 | AIT8: 0 | AIU8: 0 | AIV8: 0 | AIW8: 0 | AIX8: 0 | AIY8: 0 | AIZ8: 0 | AJA8: 0 | AJB8: 0 | AJC8: 0 | AJD8: 0 | AJE8: 0 | AJF8: 0 | AJG8: 0 | AJH8: 0 | AJI8: 0 | AJJ8: 0 | AJK8: 0 | AJL8: 0 | AJM8: 0 | AJN8: 0 | AJO8: 0 | AJP8: 0 | AJQ8: 0 | AJR8: 0 | AJS8: 0 | AJT8: 0 | AJU8: 0 | AJV8: 0 | AJW8: 0 | AJX8: 0 | AJY8: 0 | AJZ8: 0 | AKA8: 0 | AKB8: 0 | AKC8: 0 | AKD8: 0 | AKE8: 0 | AKF8: 0 | AKG8: 0 | AKH8: 0 | AKI8: 0 | AKJ8: 0 | AKK8: 0 | AKL8: 0 | AKM8: 0 | AKN8: 0 | AKO8: 0 | AKP8: 0 | AKQ8: 0 | AKR8: 0 | AKS8: 0 | AKT8: 0 | AKU8: 0 | AKV8: 0 | AKW8: 0 | AKX8: 0 | AKY8: 0 | AKZ8: 0 | ALA8: 0 | ALB8: 0 | ALC8: 0 | ALD8: 0 | ALE8: 0 | ALF8: 0 | ALG8: 0 | ALH8: 0 | ALI8: 0 | ALJ8: 0 | ALK8: 0 | ALL8: 0 | ALM8: 0 | ALN8: 0 | ALO8: 0 | ALP8: 0 | ALQ8: 0 | ALR8: 0 | ALS8: 0 | ALT8: 0 | ALU8: 0 | ALV8: 0 | ALW8: 0 | ALX8: 0 | ALY8: 0 | ALZ8: 0 | AMA8: 0 | AMB8: 0 | AMC8: 0 | AMD8: 0 | AME8: 0 | AMF8: 0 | AMG8: 0 | AMH8: 0 | AMI8: 0 | AMJ8: 0 | AMK8: 0 | AML8: 0 | AMM8: 0 | AMN8: 0 | AMO8: 0 | AMP8: 0 | AMQ8: 0 | AMR8: 0 | AMS8: 0 | AMT8: 0 | AMU8: 0 | AMV8: 0 | AMW8: 0 | AMX8: 0 | AMY8: 0 | AMZ8: 0 | ANA8: 0 | ANB8: 0 | ANC8: 0 | AND8: 0 | ANE8: 0 | ANF8: 0 | ANG8: 0 | ANH8: 0 | ANI8: 0 | ANJ8: 0 | ANK8: 0 | ANL8: 0 | ANM8: 0 | ANN8: 0 | ANO8: 0 | ANP8: 0 | ANQ8: 0 | ANR8: 0 | ANS8: 0 | ANT8: 0 | ANU8: 0 | ANV8: 0 | ANW8: 0 | ANX8: 0 | ANY8: 0 | ANZ8: 0 | AOA8: 0 | AOB8: 0 | AOC8: 0 | AOD8: 0 | AOE8: 0 | AOF8: 0 | AOG8: 0 | AOH8: 0 | AOI8: 0 | AOJ8: 0 | AOK8: 0 | AOL8: 0 | AOM8: 0 | AON8: 0 | AOO8: 0 | AOP8: 0 | AOQ8: 0 | AOR8: 0 | AOS8: 0 | AOT8: 0 | AOU8: 0 | AOV8: 0 | AOW8: 0 | AOX8: 0 | AOY8: 0 | AOZ8: 0 | APA8: 0 | APB8: 0 | APC8: 0 | APD8: 0 | APE8: 0 | APF8: 0 | APG8: 0 | APH8: 0 | API8: 0 | APJ8: 0 | APK8: 0 | APL8: 0 | APM8: 0 | APN8: 0 | APO8: 0 | APP8: 0 | APQ8: 0 | APR8: 0 | APS8: 0 | APT8: 0 | APU8: 0 | APV8: 0 | APW8: 0 | APX8: 0 | APY8: 0 | APZ8: 0 | AQA8: 0 | AQB8: 0 | AQC8: 0 | AQD8: 0 | AQE8: 0 | AQF8: 0 | AQG8: 0 | AQH8: 0 | AQI8: 0 | AQJ8: 0 | AQK8: 0 | AQL8: 0 | AQM8: 0 | AQN8: 0 | AQO8: 0 | AQP8: 0 | AQQ8: 0 | AQR8: 0 | AQS8: 0 | AQT8: 0 | AQU8: 0 | AQV8: 0 | AQW8: 0 | AQX8: 0 | AQY8: 0 | AQZ8: 0 | ARA8: 0 | ARB8: 0 | ARC8: 0 | ARD8: 0 | ARE8: 0 | ARF8: 0 | ARG8: 0 | ARH8: 0 | ARI8: 0 | ARJ8: 0 | ARK8: 0 | ARL8: 0 | ARM8: 0 | ARN8: 0 | ARO8: 0 | ARP8: 0 | ARQ8: 0 | ARR8: 0 | ARS8: 0 | ART8: 0 | ARU8: 0 | ARV8: 0 | ARW8: 0 | ARX8: 0 | ARY8: 0 | ARZ8: 0 | ASA8: 0 | ASB8: 0 | ASC8: 0 | ASD8: 0 | ASE8: 0 | ASF8: 0 | ASG8: 0 | ASH8: 0 | ASI8: 0 | ASJ8: 0 | ASK8: 0 | ASL8: 0 | ASM8: 0 | ASN8: 0 | ASO8: 0 | ASP8: 0 | ASQ8: 0 | ASR8: 0 | ASS8: 0 | AST8: 0 | ASU8: 0 | ASV8: 0 | ASW8: 0 | ASX8: 0 | ASY8: 0 | ASZ8: 0 | ATA8: 0 | ATB8: 0 | ATC8: 0 | ATD8: 0 | ATE8: 0 | ATF8: 0 | ATG8: 0 | ATH8: 0 | ATI8: 0 | ATJ8: 0 | ATK8: 0 | ATL8: 0 | ATM8: 0 | ATN8: 0 | ATO8: 0 | ATP8: 0 | ATQ8: 0 | ATR8: 0 | ATS8: 0 | ATT8: 0 | ATU8: 0 | ATV8: 0 | ATW8: 0 | ATX8: 0 | ATY8: 0 | ATZ8: 0 | AUA8: 0 | AUB8: 0 | AUC8: 0 | AUD8: 0 | AUE8: 0 | AUF8: 0 | AUG8: 0 | AUH8: 0 | AUI8: 0 | AUJ8: 0 | AUK8: 0 | AUL8: 0 | AUM8: 0 | AUN8: 0 | AUO8: 0 | AUP8: 0 | AUQ8: 0 | AUR8: 0 | AUS8: 0 | AUT8: 0 | AUU8: 0 | AUV8: 0 | AUW8: 0 | AUX8: 0 | AUY8: 0 | AUZ8: 0 | AVA8: 0 | AVB8: 0 | AVC8: 0 | AVD8: 0 | AVE8: 0 | AVF8: 0 | AVG8: 0 | AVH8: 0 | AVI8: 0 | AVJ8: 0 | AVK8: 0 | AVL8: 0 | AVM8: 0 | AVN8: 0 | AVO8: 0 | AVP8: 0 | AVQ8: 0 | AVR8: 0 | AVS8: 0 | AVT8: 0 | AVU8: 0 | AVV8: 0 | AVW8: 0 | AVX8: 0 | AVY8: 0 | AVZ8: 0 | AWA8: 0 | AWB8: 0 | AWC8: 0 | AWD8: 0 | AWE8: 0 | AWF8: 0 | AWG8: 0 | AWH8: 0 | AWI8: 0 | AWJ8: 0 | AWK8: 0 | AWL8: 0 | AWM8: 0 | AWN8: 0 | AWO8: 0 | AWP8: 0 | AWQ8: 0 | AWR8: 0 | AWS8: 0 | AWT8: 0 | AWU8: 0 | AWV8: 0 | AWW8: 0 | AWX8: 0 | AWY8: 0 | AWZ8: 0 | AXA8: 0 | AXB8: 0 | AXC8: 0 | AXD8: 0 | AXE8: 0 | AXF8: 0 | AXG8: 0 | AXH8: 0 | AXI8: 0 | AXJ8: 0 | AXK8: 0 | AXL8: 0 | AXM8: 0 | AXN8: 0 | AXO8: 0 | AXP8: 0 | AXQ8: 0 | AXR8: 0 | AXS8: 0 | AXT8: 0 | AXU8: 0 | AXV8: 0 | AXW8: 0 | AXX8: 0 | AXY8: 0 | AXZ8: 0 | AYA8: 0 | AYB8: 0 | AYC8: 0 | AYD8: 0 | AYE8: 0 | AYF8: 0 | AYG8: 0 | AYH8: 0 | AYI8: 0 | AYJ8: 0 | AYK8: 0 | AYL8: 0 | AYM8: 0 | AYN8: 0 | AYO8: 0 | AYP8: 0 | AYQ8: 0 | AYR8: 0 | AYS8: 0 | AYT8: 0 | AYU8: 0 | AYV8: 0 | AYW8: 0 | AYX8: 0 | AYY8: 0 | AYZ8: 0 | AZA8: 0 | AZB8: 0 | AZC8: 0 | AZD8: 0 | AZE8: 0 | AZF8: 0 | AZG8: 0 | AZH8: 0 | AZI8: 0 | AZJ8: 0 | AZK8: 0 | AZL8: 0 | AZM8: 0 | AZN8: 0 | AZO8: 0 | AZP8: 0 | AZQ8: 0 | AZR8: 0 | AZS8: 0 | AZT8: 0 | AZU8: 0 | AZV8: 0 | AZW8: 0 | AZX8: 0 | AZY8: 0 | AZZ8: 0 | BAA8: 0
A9: 5251 | B9: 2703 | C9: 2704 | D9: 2811 | E9: 2813 | F9: 2804 | G9: 2815 | H9: 2812 | K9: 0 | L9: 0 | O9: 5251 | P9: وداد عبدالسلام مختار محمد | Q9: 0 | R9: 0 | U9: 0 | V9: 0 | W9: 0 | X9: 0 | Y9: 0 | Z9: 0 | AA9: 0 | AB9: 0 | AC9: 0 | AD9: 0 | AE9: 0 | AF9: 0 | AG9: 0 | AH9: 0 | AI9: 0 | AJ9: 0 | AK9: 0 | AL9: 0 | AM9: 0 | AN9: 0 | AO9: 0 | AP9: 0 | AQ9: 0 | AR9: 0 | AS9: 0 | AT9: 0 | AU9: 0 | AV9: 0 | AW9: 0 | AX9: 0 | AY9: 0 | AZ9: 0 | BA9: 0 | BB9: 0 | BC9: 0 | BD9: 0 | BE9: 0 | BF9: 0 | BG9: 0 | BH9: 0 | BI9: 0 | BJ9: 0 | BK9: 0 | BL9: 0 | BM9: 0 | BN9: 0 | BO9: 0 | BP9: 0 | BQ9: 0 | BR9: 0 | BS9: 0 | BT9: 0 | BU9: 0 | BV9: 0 | BW9: 0 | BX9: 0 | BY9: 0 | BZ9: 0 | CA9: 0 | CB9: 0 | CC9: 0 | CD9: 0 | CE9: 0 | CF9: 0 | CG9: 0 | CH9: 0 | CI9: 0 | CJ9: 0 | CK9: 0 | CL9: 0 | CM9: 0 | CN9: 0 | CO9: 0 | CP9: 0 | CQ9: 0 | CR9: 0 | CS9: 0 | CT9: 0 | CU9: 0 | CV9: 0 | CW9: 0 | CX9: 0 | CY9: 0 | CZ9: 0 | DA9: 0 | DB9: 0 | DC9: 0 | DD9: 0 | DE9: 0 | DF9: 0 | DG9: 0 | DH9: 0 | DI9: 0 | DJ9: 0 | DK9: 0 | DL9: 0 | DM9: 0 | DN9: 0 | DO9: 0 | DP9: 0 | DQ9: 0 | DR9: 0 | DS9: 0 | DT9: 0 | DU9: 0 | DV9: 0 | DW9: 0 | DX9: 0 | DY9: 0 | DZ9: 0 | EA9: 0 | EB9: 0 | EC9: 0 | ED9: 0 | EE9: 0 | EF9: 0 | EG9: 0 | EH9: 0 | EI9: 0 | EJ9: 0 | EK9: 0 | EL9: 0 | EM9: 0 | EN9: 0 | EO9: 0 | EP9: 0 | EQ9: 0 | ER9: 0 | ES9: 0 | ET9: 0 | EU9: 0 | EV9: 0 | EW9: 0 | EX9: 0 | EY9: 0 | EZ9: 0 | FA9: 0 | FB9: 0 | FC9: 0 | FD9: 0 | FE9: 0 | FF9: 0 | FG9: 0 | FH9: 0 | FI9: 0 | FJ9: 0 | FK9: 0 | FL9: 0 | FM9: 0 | FN9: 0 | FO9: 0 | FP9: 0 | FQ9: 0 | FR9: 0 | FS9: 0 | FT9: 0 | FU9: 0 | FV9: 0 | FW9: 0 | FX9: 0 | FY9: 0 | FZ9: 0 | GA9: 0 | GB9: 0 | GC9: 0 | GD9: 0 | GE9: 0 | GF9: 0 | GG9: 0 | GH9: 0 | GI9: 0 | GJ9: 0 | GK9: 0 | GL9: 0 | GM9: 0 | GN9: 0 | GO9: 0 | GP9: 0 | GQ9: 0 | GR9: 0 | GS9: 0 | GT9: 0 | GU9: 0 | GV9: 0 | GW9: 0 | GX9: 0 | GY9: 0 | GZ9: 0 | HA9: 0 | HB9: 0 | HC9: 0 | HD9: 0 | HE9: 0 | HF9: 0 | HG9: 0 | HH9: 0 | HI9: 0 | HJ9: 0 | HK9: 0 | HL9: 0 | HM9: 0 | HN9: 0 | HO9: 0 | HP9: 0 | HQ9: 0 | HR9: 0 | HS9: 0 | HT9: 0 | HU9: 0 | HV9: 0 | HW9: 0 | HX9: 0 | HY9: 0 | HZ9: 0 | IA9: 0 | IB9: 0 | IC9: 0 | ID9: 0 | IE9: 0 | IF9: 0 | IG9: 0 | IH9: 0 | II9: 0 | IJ9: 0 | IK9: 0 | IL9: 0 | IM9: 0 | IN9: 0 | IO9: 0 | IP9: 0 | IQ9: 0 | IR9: 0 | IS9: 0 | IT9: 0 | IU9: 0 | IV9: 0 | IW9: 0 | IX9: 0 | IY9: 0 | IZ9: 0 | JA9: 0 | JB9: 0 | JC9: 0 | JD9: 0 | JE9: 0 | JF9: 0 | JG9: 0 | JH9: 0 | JI9: 0 | JJ9: 0 | JK9: 0 | JL9: 0 | JM9: 0 | JN9: 0 | JO9: 0 | JP9: 0 | JQ9: 0 | JR9: 0 | JS9: 0 | JT9: 0 | JU9: 0 | JV9: 0 | JW9: 0 | JX9: 0 | JY9: 0 | JZ9: 0 | KA9: 0 | KB9: 0 | KC9: 0 | KD9: 0 | KE9: 0 | KF9: 0 | KG9: 0 | KH9: 0 | KI9: 0 | KJ9: 0 | KK9: 0 | KL9: 0 | KM9: 0 | KN9: 0 | KO9: 0 | KP9: 0 | KQ9: 0 | KR9: 0 | KS9: 0 | KT9: 0 | KU9: 0 | KV9: 0 | KW9: 0 | KX9: 0 | KY9: 0 | KZ9: 0 | LA9: 0 | LB9: 0 | LC9: 0 | LD9: 0 | LE9: 0 | LF9: 0 | LG9: 0 | LH9: 0 | LI9: 0 | LJ9: 0 | LK9: 0 | LL9: 0 | LM9: 0 | LN9: 0 | LO9: 0 | LP9: 0 | LQ9: 0 | LR9: 0 | LS9: 0 | LT9: 0 | LU9: 0 | LV9: 0 | LW9: 0 | LX9: 0 | LY9: 0 | LZ9: 0 | MA9: 0 | MB9: 0 | MC9: 0 | MD9: 0 | ME9: 0 | MF9: 0 | MG9: 0 | MH9: 0 | MI9: 0 | MJ9: 0 | MK9: 0 | ML9: 0 | MM9: 0 | MN9: 0 | MO9: 0 | MP9: 0 | MQ9: 0 | MR9: 0 | MS9: 0 | MT9: 0 | MU9: 0 | MV9: 0 | MW9: 0 | MX9: 0 | MY9: 0 | MZ9: 0 | NA9: 0 | NB9: 0 | NC9: 0 | ND9: 0 | NE9: 0 | NF9: 0 | NG9: 0 | NH9: 0 | NI9: 0 | NJ9: 0 | NK9: 0 | NL9: 0 | NM9: 0 | NN9: 0 | NO9: 0 | NP9: 0 | NQ9: 0 | NR9: 0 | NS9: 0 | NT9: 0 | NU9: 0 | NV9: 0 | NW9: 0 | NX9: 0 | NY9: 0 | NZ9: 0 | OA9: 0 | OB9: 0 | OC9: 0 | OD9: 0 | OE9: 0 | OF9: 0 | OG9: 0 | OH9: 0 | OI9: 0 | OJ9: 0 | OK9: 0 | OL9: 0 | OM9: 0 | ON9: 0 | OO9: 0 | OP9: 0 | OQ9: 0 | OR9: 0 | OS9: 0 | OT9: 0 | OU9: 0 | OV9: 0 | OW9: 0 | OX9: 0 | OY9: 0 | OZ9: 0 | PA9: 0 | PB9: 0 | PC9: 0 | PD9: 0 | PE9: 0 | PF9: 0 | PG9: 0 | PH9: 0 | PI9: 0 | PJ9: 0 | PK9: 0 | PL9: 0 | PM9: 0 | PN9: 0 | PO9: 0 | PP9: 0 | PQ9: 0 | PR9: 0 | PS9: 0 | PT9: 0 | PU9: 0 | PV9: 0 | PW9: 0 | PX9: 0 | PY9: 0 | PZ9: 0 | QA9: 0 | QB9: 0 | QC9: 0 | QD9: 0 | QE9: 0 | QF9: 0 | QG9: 0 | QH9: 0 | QI9: 0 | QJ9: 0 | QK9: 0 | QL9: 0 | QM9: 0 | QN9: 0 | QO9: 0 | QP9: 0 | QQ9: 0 | QR9: 0 | QS9: 0 | QT9: 0 | QU9: 0 | QV9: 0 | QW9: 0 | QX9: 0 | QY9: 0 | QZ9: 0 | RA9: 0 | RB9: 0 | RC9: 0 | RD9: 0 | RE9: 0 | RF9: 0 | RG9: 0 | RH9: 0 | RI9: 0 | RJ9: 0 | RK9: 0 | RL9: 0 | RM9: 0 | RN9: 0 | RO9: 0 | RP9: 0 | RQ9: 0 | RR9: 0 | RS9: 0 | RT9: 0 | RU9: 0 | RV9: 0 | RW9: 0 | RX9: 0 | RY9: 0 | RZ9: 0 | SA9: 0 | SB9: 0 | SC9: 0 | SD9: 0 | SE9: 0 | SF9: 0 | SG9: 0 | SH9: 0 | SI9: 0 | SJ9: 0 | SK9: 0 | SL9: 0 | SM9: 0 | SN9: 0 | SO9: 0 | SP9: 0 | SQ9: 0 | SR9: 0 | SS9: 0 | ST9: 0 | SU9: 0 | SV9: 0 | SW9: 0 | SX9: 0 | SY9: 0 | SZ9: 0 | TA9: 0 | TB9: 0 | TC9: 0 | TD9: 0 | TE9: 0 | TF9: 0 | TG9: 0 | TH9: 0 | TI9: 0 | TJ9: 0 | TK9: 0 | TL9: 0 | TM9: 0 | TN9: 0 | TO9: 0 | TP9: 0 | TQ9: 0 | TR9: 0 | TS9: 0 | TT9: 0 | TU9: 0 | TV9: 0 | TW9: 0 | TX9: 0 | TY9: 0 | TZ9: 0 | UA9: 0 | UB9: 0 | UC9: 0 | UD9: 0 | UE9: 0 | UF9: 0 | UG9: 0 | UH9: 0 | UI9: 0 | UJ9: 0 | UK9: 0 | UL9: 0 | UM9: 0 | UN9: 0 | UO9: 0 | UP9: 0 | UQ9: 0 | UR9: 0 | US9: 0 | UT9: 0 | UU9: 0 | UV9: 0 | UW9: 0 | UX9: 0 | UY9: 0 | UZ9: 0 | VA9: 0 | VB9: 0 | VC9: 0 | VD9: 0 | VE9: 0 | VF9: 0 | VG9: 0 | VH9: 0 | VI9: 0 | VJ9: 0 | VK9: 0 | VL9: 0 | VM9: 0 | VN9: 0 | VO9: 0 | VP9: 0 | VQ9: 0 | VR9: 0 | VS9: 0 | VT9: 0 | VU9: 0 | VV9: 0 | VW9: 0 | VX9: 0 | VY9: 0 | VZ9: 0 | WA9: 0 | WB9: 0 | WC9: 0 | WD9: 0 | WE9: 0 | WF9: 0 | WG9: 0 | WH9: 0 | WI9: 0 | WJ9: 0 | WK9: 0 | WL9: 0 | WM9: 0 | WN9: 0 | WO9: 0 | WP9: 0 | WQ9: 0 | WR9: 0 | WS9: 0 | WT9: 0 | WU9: 0 | WV9: 0 | WW9: 0 | WX9: 0 | WY9: 0 | WZ9: 0 | XA9: 0 | XB9: 0 | XC9: 0 | XD9: 0 | XE9: 0 | XF9: 0 | XG9: 0 | XH9: 0 | XI9: 0 | XJ9: 0 | XK9: 0 | XL9: 0 | XM9: 0 | XN9: 0 | XO9: 0 | XP9: 0 | XQ9: 0 | XR9: 0 | XS9: 0 | XT9: 0 | XU9: 0 | XV9: 0 | XW9: 0 | XX9: 0 | XY9: 0 | XZ9: 0 | YA9: 0 | YB9: 0 | YC9: 0 | YD9: 0 | YE9: 0 | YF9: 0 | YG9: 0 | YH9: 0 | YI9: 0 | YJ9: 0 | YK9: 0 | YL9: 0 | YM9: 0 | YN9: 0 | YO9: 0 | YP9: 0 | YQ9: 0 | YR9: 0 | YS9: 0 | YT9: 0 | YU9: 0 | YV9: 0 | YW9: 0 | YX9: 0 | YY9: 0 | YZ9: 0 | ZA9: 0 | ZB9: 0 | ZC9: 0 | ZD9: 0 | ZE9: 0 | ZF9: 0 | ZG9: 0 | ZH9: 0 | ZI9: 0 | ZJ9: 0 | ZK9: 0 | ZL9: 0 | ZM9: 0 | ZN9: 0 | ZO9: 0 | ZP9: 0 | ZQ9: 0 | ZR9: 0 | ZS9: 0 | ZT9: 0 | ZU9: 0 | ZV9: 0 | ZW9: 0 | ZX9: 0 | ZY9: 0 | ZZ9: 0 | AAA9: 0 | AAB9: 0 | AAC9: 0 | AAD9: 0 | AAE9: 0 | AAF9: 0 | AAG9: 0 | AAH9: 0 | AAI9: 0 | AAJ9: 0 | AAK9: 0 | AAL9: 0 | AAM9: 0 | AAN9: 0 | AAO9: 0 | AAP9: 0 | AAQ9: 0 | AAR9: 0 | AAS9: 0 | AAT9: 0 | AAU9: 0 | AAV9: 0 | AAW9: 0 | AAX9: 0 | AAY9: 0 | AAZ9: 0 | ABA9: 0 | ABB9: 0 | ABC9: 0 | ABD9: 0 | ABE9: 0 | ABF9: 0 | ABG9: 0 | ABH9: 0 | ABI9: 0 | ABJ9: 0 | ABK9: 0 | ABL9: 0 | ABM9: 0 | ABN9: 0 | ABO9: 0 | ABP9: 0 | ABQ9: 0 | ABR9: 0 | ABS9: 0 | ABT9: 0 | ABU9: 0 | ABV9: 0 | ABW9: 0 | ABX9: 0 | ABY9: 0 | ABZ9: 0 | ACA9: 0 | ACB9: 0 | ACC9: 0 | ACD9: 0 | ACE9: 0 | ACF9: 0 | ACG9: 0 | ACH9: 0 | ACI9: 0 | ACJ9: 0 | ACK9: 0 | ACL9: 0 | ACM9: 0 | ACN9: 0 | ACO9: 0 | ACP9: 0 | ACQ9: 0 | ACR9: 0 | ACS9: 0 | ACT9: 0 | ACU9: 0 | ACV9: 0 | ACW9: 0 | ACX9: 0 | ACY9: 0 | ACZ9: 0 | ADA9: 0 | ADB9: 0 | ADC9: 0 | ADD9: 0 | ADE9: 0 | ADF9: 0 | ADG9: 0 | ADH9: 0 | ADI9: 0 | ADJ9: 0 | ADK9: 0 | ADL9: 0 | ADM9: 0 | ADN9: 0 | ADO9: 0 | ADP9: 0 | ADQ9: 0 | ADR9: 0 | ADS9: 0 | ADT9: 0 | ADU9: 0 | ADV9: 0 | ADW9: 0 | ADX9: 0 | ADY9: 0 | ADZ9: 0 | AEA9: 0 | AEB9: 0 | AEC9: 0 | AED9: 0 | AEE9: 0 | AEF9: 0 | AEG9: 0 | AEH9: 0 | AEI9: 0 | AEJ9: 0 | AEK9: 0 | AEL9: 0 | AEM9: 0 | AEN9: 0 | AEO9: 0 | AEP9: 0 | AEQ9: 0 | AER9: 0 | AES9: 0 | AET9: 0 | AEU9: 0 | AEV9: 0 | AEW9: 0 | AEX9: 0 | AEY9: 0 | AEZ9: 0 | AFA9: 0 | AFB9: 0 | AFC9: 0 | AFD9: 0 | AFE9: 0 | AFF9: 0 | AFG9: 0 | AFH9: 0 | AFI9: 0 | AFJ9: 0 | AFK9: 0 | AFL9: 0 | AFM9: 0 | AFN9: 0 | AFO9: 0 | AFP9: 0 | AFQ9: 0 | AFR9: 0 | AFS9: 0 | AFT9: 0 | AFU9: 0 | AFV9: 0 | AFW9: 0 | AFX9: 0 | AFY9: 0 | AFZ9: 0 | AGA9: 0 | AGB9: 0 | AGC9: 0 | AGD9: 0 | AGE9: 0 | AGF9: 0 | AGG9: 0 | AGH9: 0 | AGI9: 0 | AGJ9: 0 | AGK9: 0 | AGL9: 0 | AGM9: 0 | AGN9: 0 | AGO9: 0 | AGP9: 0 | AGQ9: 0 | AGR9: 0 | AGS9: 0 | AGT9: 0 | AGU9: 0 | AGV9: 0 | AGW9: 0 | AGX9: 0 | AGY9: 0 | AGZ9: 0 | AHA9: 0 | AHB9: 0 | AHC9: 0 | AHD9: 0 | AHE9: 0 | AHF9: 0 | AHG9: 0 | AHH9: 0 | AHI9: 0 | AHJ9: 0 | AHK9: 0 | AHL9: 0 | AHM9: 0 | AHN9: 0 | AHO9: 0 | AHP9: 0 | AHQ9: 0 | AHR9: 0 | AHS9: 0 | AHT9: 0 | AHU9: 0 | AHV9: 0 | AHW9: 0 | AHX9: 0 | AHY9: 0 | AHZ9: 0 | AIA9: 0 | AIB9: 0 | AIC9: 0 | AID9: 0 | AIE9: 0 | AIF9: 0 | AIG9: 0 | AIH9: 0 | AII9: 0 | AIJ9: 0 | AIK9: 0 | AIL9: 0 | AIM9: 0 | AIN9: 0 | AIO9: 0 | AIP9: 0 | AIQ9: 0 | AIR9: 0 | AIS9: 0 | AIT9: 0 | AIU9: 0 | AIV9: 0 | AIW9: 0 | AIX9: 0 | AIY9: 0 | AIZ9: 0 | AJA9: 0 | AJB9: 0 | AJC9: 0 | AJD9: 0 | AJE9: 0 | AJF9: 0 | AJG9: 0 | AJH9: 0 | AJI9: 0 | AJJ9: 0 | AJK9: 0 | AJL9: 0 | AJM9: 0 | AJN9: 0 | AJO9: 0 | AJP9: 0 | AJQ9: 0 | AJR9: 0 | AJS9: 0 | AJT9: 0 | AJU9: 0 | AJV9: 0 | AJW9: 0 | AJX9: 0 | AJY9: 0 | AJZ9: 0 | AKA9: 0 | AKB9: 0 | AKC9: 0 | AKD9: 0 | AKE9: 0 | AKF9: 0 | AKG9: 0 | AKH9: 0 | AKI9: 0 | AKJ9: 0 | AKK9: 0 | AKL9: 0 | AKM9: 0 | AKN9: 0 | AKO9: 0 | AKP9: 0 | AKQ9: 0 | AKR9: 0 | AKS9: 0 | AKT9: 0 | AKU9: 0 | AKV9: 0 | AKW9: 0 | AKX9: 0 | AKY9: 0 | AKZ9: 0 | ALA9: 0 | ALB9: 0 | ALC9: 0 | ALD9: 0 | ALE9: 0 | ALF9: 0 | ALG9: 0 | ALH9: 0 | ALI9: 0 | ALJ9: 0 | ALK9: 0 | ALL9: 0 | ALM9: 0 | ALN9: 0 | ALO9: 0 | ALP9: 0 | ALQ9: 0 | ALR9: 0 | ALS9: 0 | ALT9: 0 | ALU9: 0 | ALV9: 0 | ALW9: 0 | ALX9: 0 | ALY9: 0 | ALZ9: 0 | AMA9: 0 | AMB9: 0 | AMC9: 0 | AMD9: 0 | AME9: 0 | AMF9: 0 | AMG9: 0 | AMH9: 0 | AMI9: 0 | AMJ9: 0 | AMK9: 0 | AML9: 0 | AMM9: 0 | AMN9: 0 | AMO9: 0 | AMP9: 0 | AMQ9: 0 | AMR9: 0 | AMS9: 0 | AMT9: 0 | AMU9: 0 | AMV9: 0 | AMW9: 0 | AMX9: 0 | AMY9: 0 | AMZ9: 0 | ANA9: 0 | ANB9: 0 | ANC9: 0 | AND9: 0 | ANE9: 0 | ANF9: 0 | ANG9: 0 | ANH9: 0 | ANI9: 0 | ANJ9: 0 | ANK9: 0 | ANL9: 0 | ANM9: 0 | ANN9: 0 | ANO9: 0 | ANP9: 0 | ANQ9: 0 | ANR9: 0 | ANS9: 0 | ANT9: 0 | ANU9: 0 | ANV9: 0 | ANW9: 0 | ANX9: 0 | ANY9: 0 | ANZ9: 0 | AOA9: 0 | AOB9: 0 | AOC9: 0 | AOD9: 0 | AOE9: 0 | AOF9: 0 | AOG9: 0 | AOH9: 0 | AOI9: 0 | AOJ9: 0 | AOK9: 0 | AOL9: 0 | AOM9: 0 | AON9: 0 | AOO9: 0 | AOP9: 0 | AOQ9: 0 | AOR9: 0 | AOS9: 0 | AOT9: 0 | AOU9: 0 | AOV9: 0 | AOW9: 0 | AOX9: 0 | AOY9: 0 | AOZ9: 0 | APA9: 0 | APB9: 0 | APC9: 0 | APD9: 0 | APE9: 0 | APF9: 0 | APG9: 0 | APH9: 0 | API9: 0 | APJ9: 0 | APK9: 0 | APL9: 0 | APM9: 0 | APN9: 0 | APO9: 0 | APP9: 0 | APQ9: 0 | APR9: 0 | APS9: 0 | APT9: 0 | APU9: 0 | APV9: 0 | APW9: 0 | APX9: 0 | APY9: 0 | APZ9: 0 | AQA9: 0 | AQB9: 0 | AQC9: 0 | AQD9: 0 | AQE9: 0 | AQF9: 0 | AQG9: 0 | AQH9: 0 | AQI9: 0 | AQJ9: 0 | AQK9: 0 | AQL9: 0 | AQM9: 0 | AQN9: 0 | AQO9: 0 | AQP9: 0 | AQQ9: 0 | AQR9: 0 | AQS9: 0 | AQT9: 0 | AQU9: 0 | AQV9: 0 | AQW9: 0 | AQX9: 0 | AQY9: 0 | AQZ9: 0 | ARA9: 0 | ARB9: 0 | ARC9: 0 | ARD9: 0 | ARE9: 0 | ARF9: 0 | ARG9: 0 | ARH9: 0 | ARI9: 0 | ARJ9: 0 | ARK9: 0 | ARL9: 0 | ARM9: 0 | ARN9: 0 | ARO9: 0 | ARP9: 0 | ARQ9: 0 | ARR9: 0 | ARS9: 0 | ART9: 0 | ARU9: 0 | ARV9: 0 | ARW9: 0 | ARX9: 0 | ARY9: 0 | ARZ9: 0 | ASA9: 0 | ASB9: 0 | ASC9: 0 | ASD9: 0 | ASE9: 0 | ASF9: 0 | ASG9: 0 | ASH9: 0 | ASI9: 0 | ASJ9: 0 | ASK9: 0 | ASL9: 0 | ASM9: 0 | ASN9: 0 | ASO9: 0 | ASP9: 0 | ASQ9: 0 | ASR9: 0 | ASS9: 0 | AST9: 0 | ASU9: 0 | ASV9: 0 | ASW9: 0 | ASX9: 0 | ASY9: 0 | ASZ9: 0 | ATA9: 0 | ATB9: 0 | ATC9: 0 | ATD9: 0 | ATE9: 0 | ATF9: 0 | ATG9: 0 | ATH9: 0 | ATI9: 0 | ATJ9: 0 | ATK9: 0 | ATL9: 0 | ATM9: 0 | ATN9: 0 | ATO9: 0 | ATP9: 0 | ATQ9: 0 | ATR9: 0 | ATS9: 0 | ATT9: 0 | ATU9: 0 | ATV9: 0 | ATW9: 0 | ATX9: 0 | ATY9: 0 | ATZ9: 0 | AUA9: 0 | AUB9: 0 | AUC9: 0 | AUD9: 0 | AUE9: 0 | AUF9: 0 | AUG9: 0 | AUH9: 0 | AUI9: 0 | AUJ9: 0 | AUK9: 0 | AUL9: 0 | AUM9: 0 | AUN9: 0 | AUO9: 0 | AUP9: 0 | AUQ9: 0 | AUR9: 0 | AUS9: 0 | AUT9: 0 | AUU9: 0 | AUV9: 0 | AUW9: 0 | AUX9: 0 | AUY9: 0 | AUZ9: 0 | AVA9: 0 | AVB9: 0 | AVC9: 0 | AVD9: 0 | AVE9: 0 | AVF9: 0 | AVG9: 0 | AVH9: 0 | AVI9: 0 | AVJ9: 0 | AVK9: 0 | AVL9: 0 | AVM9: 0 | AVN9: 0 | AVO9: 0 | AVP9: 0 | AVQ9: 0 | AVR9: 0 | AVS9: 0 | AVT9: 0 | AVU9: 0 | AVV9: 0 | AVW9: 0 | AVX9: 0 | AVY9: 0 | AVZ9: 0 | AWA9: 0 | AWB9: 0 | AWC9: 0 | AWD9: 0 | AWE9: 0 | AWF9: 0 | AWG9: 0 | AWH9: 0 | AWI9: 0 | AWJ9: 0 | AWK9: 0 | AWL9: 0 | AWM9: 0 | AWN9: 0 | AWO9: 0 | AWP9: 0 | AWQ9: 0 | AWR9: 0 | AWS9: 0 | AWT9: 0 | AWU9: 0 | AWV9: 0 | AWW9: 0 | AWX9: 0 | AWY9: 0 | AWZ9: 0 | AXA9: 0 | AXB9: 0 | AXC9: 0 | AXD9: 0 | AXE9: 0 | AXF9: 0 | AXG9: 0 | AXH9: 0 | AXI9: 0 | AXJ9: 0 | AXK9: 0 | AXL9: 0 | AXM9: 0 | AXN9: 0 | AXO9: 0 | AXP9: 0 | AXQ9: 0 | AXR9: 0 | AXS9: 0 | AXT9: 0 | AXU9: 0 | AXV9: 0 | AXW9: 0 | AXX9: 0 | AXY9: 0 | AXZ9: 0 | AYA9: 0 | AYB9: 0 | AYC9: 0 | AYD9: 0 | AYE9: 0 | AYF9: 0 | AYG9: 0 | AYH9: 0 | AYI9: 0 | AYJ9: 0 | AYK9: 0 | AYL9: 0 | AYM9: 0 | AYN9: 0 | AYO9: 0 | AYP9: 0 | AYQ9: 0 | AYR9: 0 | AYS9: 0 | AYT9: 0 | AYU9: 0 | AYV9: 0 | AYW9: 0 | AYX9: 0 | AYY9: 0 | AYZ9: 0 | AZA9: 0 | AZB9: 0 | AZC9: 0 | AZD9: 0 | AZE9: 0 | AZF9: 0 | AZG9: 0 | AZH9: 0 | AZI9: 0 | AZJ9: 0 | AZK9: 0 | AZL9: 0 | AZM9: 0 | AZN9: 0 | AZO9: 0 | AZP9: 0 | AZQ9: 0 | AZR9: 0 | AZS9: 0 | AZT9: 0 | AZU9: 0 | AZV9: 0 | AZW9: 0 | AZX9: 0 | AZY9: 0 | AZZ9: 0 | BAA9: 0
A10: 5263 | B10: 2401 | C10: 2704 | D10: 2811 | E10: 2813 | F10: 2804 | K10: 0 | L10: 0 | O10: 5263 | P10: محمد يونس محمد بوسيف | Q10: 0 | R10: 0 | U10: 0 | V10: 0 | W10: 0 | X10: 0 | Y10: 0 | Z10: 0 | AA10: 0 | AB10: 0 | AC10: 0 | AD10: 0 | AE10: 0 | AF10: 0 | AG10: 0 | AH10: 0 | AI10: 0 | AJ10: 0 | AK10: 0 | AL10: 0 | AM10: 0 | AN10: 0 | AO10: 0 | AP10: 0 | AQ10: 0 | AR10: 0 | AS10: 0 | AT10: 0 | AU10: 0 | AV10: 0 | AW10: 0 | AX10: 0 | AY10: 0 | AZ10: 0 | BA10: 0 | BB10: 0 | BC10: 0 | BD10: 0 | BE10: 0 | BF10: 0 | BG10: 0 | BH10: 0 | BI10: 0 | BJ10: 0 | BK10: 0 | BL10: 0 | BM10: 0 | BN10: 0 | BO10: 0 | BP10: 0 | BQ10: 0 | BR10: 0 | BS10: 0 | BT10: 0 | BU10: 0 | BV10: 0 | BW10: 0 | BX10: 0 | BY10: 0 | BZ10: 0 | CA10: 0 | CB10: 0 | CC10: 0 | CD10: 0 | CE10: 0 | CF10: 0 | CG10: 0 | CH10: 0 | CI10: 0 | CJ10: 0 | CK10: 0 | CL10: 0 | CM10: 0 | CN10: 0 | CO10: 0 | CP10: 0 | CQ10: 0 | CR10: 0 | CS10: 0 | CT10: 0 | CU10: 0 | CV10: 0 | CW10: 0 | CX10: 0 | CY10: 0 | CZ10: 0 | DA10: 0 | DB10: 0 | DC10: 0 | DD10: 0 | DE10: 0 | DF10: 0 | DG10: 0 | DH10: 0 | DI10: 0 | DJ10: 0 | DK10: 0 | DL10: 0 | DM10: 0 | DN10: 0 | DO10: 0 | DP10: 0 | DQ10: 0 | DR10: 0 | DS10: 0 | DT10: 0 | DU10: 0 | DV10: 0 | DW10: 0 | DX10: 0 | DY10: 0 | DZ10: 0 | EA10: 0 | EB10: 0 | EC10: 0 | ED10: 0 | EE10: 0 | EF10: 0 | EG10: 0 | EH10: 0 | EI10: 0 | EJ10: 0 | EK10: 0 | EL10: 0 | EM10: 0 | EN10: 0 | EO10: 0 | EP10: 0 | EQ10: 0 | ER10: 0 | ES10: 0 | ET10: 0 | EU10: 0 | EV10: 0 | EW10: 0 | EX10: 0 | EY10: 0 | EZ10: 0 | FA10: 0 | FB10: 0 | FC10: 0 | FD10: 0 | FE10: 0 | FF10: 0 | FG10: 0 | FH10: 0 | FI10: 0 | FJ10: 0 | FK10: 0 | FL10: 0 | FM10: 0 | FN10: 0 | FO10: 0 | FP10: 0 | FQ10: 0 | FR10: 0 | FS10: 0 | FT10: 0 | FU10: 0 | FV10: 0 | FW10: 0 | FX10: 0 | FY10: 0 | FZ10: 0 | GA10: 0 | GB10: 0 | GC10: 0 | GD10: 0 | GE10: 0 | GF10: 0 | GG10: 0 | GH10: 0 | GI10: 0 | GJ10: 0 | GK10: 0 | GL10: 0 | GM10: 0 | GN10: 0 | GO10: 0 | GP10: 0 | GQ10: 0 | GR10: 0 | GS10: 0 | GT10: 0 | GU10: 0 | GV10: 0 | GW10: 0 | GX10: 0 | GY10: 0 | GZ10: 0 | HA10: 0 | HB10: 0 | HC10: 0 | HD10: 0 | HE10: 0 | HF10: 0 | HG10: 0 | HH10: 0 | HI10: 0 | HJ10: 0 | HK10: 0 | HL10: 0 | HM10: 0 | HN10: 0 | HO10: 0 | HP10: 0 | HQ10: 0 | HR10: 0 | HS10: 0 | HT10: 0 | HU10: 0 | HV10: 0 | HW10: 0 | HX10: 0 | HY10: 0 | HZ10: 0 | IA10: 0 | IB10: 0 | IC10: 0 | ID10: 0 | IE10: 0 | IF10: 0 | IG10: 0 | IH10: 0 | II10: 0 | IJ10: 0 | IK10: 0 | IL10: 0 | IM10: 0 | IN10: 0 | IO10: 0 | IP10: 0 | IQ10: 0 | IR10: 0 | IS10: 0 | IT10: 0 | IU10: 0 | IV10: 0 | IW10: 0 | IX10: 0 | IY10: 0 | IZ10: 0 | JA10: 0 | JB10: 0 | JC10: 0 | JD10: 0 | JE10: 0 | JF10: 0 | JG10: 0 | JH10: 0 | JI10: 0 | JJ10: 0 | JK10: 0 | JL10: 0 | JM10: 0 | JN10: 0 | JO10: 0 | JP10: 0 | JQ10: 0 | JR10: 0 | JS10: 0 | JT10: 0 | JU10: 0 | JV10: 0 | JW10: 0 | JX10: 0 | JY10: 0 | JZ10: 0 | KA10: 0 | KB10: 0 | KC10: 0 | KD10: 0 | KE10: 0 | KF10: 0 | KG10: 0 | KH10: 0 | KI10: 0 | KJ10: 0 | KK10: 0 | KL10: 0 | KM10: 0 | KN10: 0 | KO10: 0 | KP10: 0 | KQ10: 0 | KR10: 0 | KS10: 0 | KT10: 0 | KU10: 0 | KV10: 0 | KW10: 0 | KX10: 0 | KY10: 0 | KZ10: 0 | LA10: 0 | LB10: 0 | LC10: 0 | LD10: 0 | LE10: 0 | LF10: 0 | LG10: 0 | LH10: 0 | LI10: 0 | LJ10: 0 | LK10: 0 | LL10: 0 | LM10: 0 | LN10: 0 | LO10: 0 | LP10: 0 | LQ10: 0 | LR10: 0 | LS10: 0 | LT10: 0 | LU10: 0 | LV10: 0 | LW10: 0 | LX10: 0 | LY10: 0 | LZ10: 0 | MA10: 0 | MB10: 0 | MC10: 0 | MD10: 0 | ME10: 0 | MF10: 0 | MG10: 0 | MH10: 0 | MI10: 0 | MJ10: 0 | MK10: 0 | ML10: 0 | MM10: 0 | MN10: 0 | MO10: 0 | MP10: 0 | MQ10: 0 | MR10: 0 | MS10: 0 | MT10: 0 | MU10: 0 | MV10: 0 | MW10: 0 | MX10: 0 | MY10: 0 | MZ10: 0 | NA10: 0 | NB10: 0 | NC10: 0 | ND10: 0 | NE10: 0 | NF10: 0 | NG10: 0 | NH10: 0 | NI10: 0 | NJ10: 0 | NK10: 0 | NL10: 0 | NM10: 0 | NN10: 0 | NO10: 0 | NP10: 0 | NQ10: 0 | NR10: 0 | NS10: 0 | NT10: 0 | NU10: 0 | NV10: 0 | NW10: 0 | NX10: 0 | NY10: 0 | NZ10: 0 | OA10: 0 | OB10: 0 | OC10: 0 | OD10: 0 | OE10: 0 | OF10: 0 | OG10: 0 | OH10: 0 | OI10: 0 | OJ10: 0 | OK10: 0 | OL10: 0 | OM10: 0 | ON10: 0 | OO10: 0 | OP10: 0 | OQ10: 0 | OR10: 0 | OS10: 0 | OT10: 0 | OU10: 0 | OV10: 0 | OW10: 0 | OX10: 0 | OY10: 0 | OZ10: 0 | PA10: 0 | PB10: 0 | PC10: 0 | PD10: 0 | PE10: 0 | PF10: 0 | PG10: 0 | PH10: 0 | PI10: 0 | PJ10: 0 | PK10: 0 | PL10: 0 | PM10: 0 | PN10: 0 | PO10: 0 | PP10: 0 | PQ10: 0 | PR10: 0 | PS10: 0 | PT10: 0 | PU10: 0 | PV10: 0 | PW10: 0 | PX10: 0 | PY10: 0 | PZ10: 0 | QA10: 0 | QB10: 0 | QC10: 0 | QD10: 0 | QE10: 0 | QF10: 0 | QG10: 0 | QH10: 0 | QI10: 0 | QJ10: 0 | QK10: 0 | QL10: 0 | QM10: 0 | QN10: 0 | QO10: 0 | QP10: 0 | QQ10: 0 | QR10: 0 | QS10: 0 | QT10: 0 | QU10: 0 | QV10: 0 | QW10: 0 | QX10: 0 | QY10: 0 | QZ10: 0 | RA10: 0 | RB10: 0 | RC10: 0 | RD10: 0 | RE10: 0 | RF10: 0 | RG10: 0 | RH10: 0 | RI10: 0 | RJ10: 0 | RK10: 0 | RL10: 0 | RM10: 0 | RN10: 0 | RO10: 0 | RP10: 0 | RQ10: 0 | RR10: 0 | RS10: 0 | RT10: 0 | RU10: 0 | RV10: 0 | RW10: 0 | RX10: 0 | RY10: 0 | RZ10: 0 | SA10: 0 | SB10: 0 | SC10: 0 | SD10: 0 | SE10: 0 | SF10: 0 | SG10: 0 | SH10: 0 | SI10: 0 | SJ10: 0 | SK10: 0 | SL10: 0 | SM10: 0 | SN10: 0 | SO10: 0 | SP10: 0 | SQ10: 0 | SR10: 0 | SS10: 0 | ST10: 0 | SU10: 0 | SV10: 0 | SW10: 0 | SX10: 0 | SY10: 0 | SZ10: 0 | TA10: 0 | TB10: 0 | TC10: 0 | TD10: 0 | TE10: 0 | TF10: 0 | TG10: 0 | TH10: 0 | TI10: 0 | TJ10: 0 | TK10: 0 | TL10: 0 | TM10: 0 | TN10: 0 | TO10: 0 | TP10: 0 | TQ10: 0 | TR10: 0 | TS10: 0 | TT10: 0 | TU10: 0 | TV10: 0 | TW10: 0 | TX10: 0 | TY10: 0 | TZ10: 0 | UA10: 0 | UB10: 0 | UC10: 0 | UD10: 0 | UE10: 0 | UF10: 0 | UG10: 0 | UH10: 0 | UI10: 0 | UJ10: 0 | UK10: 0 | UL10: 0 | UM10: 0 | UN10: 0 | UO10: 0 | UP10: 0 | UQ10: 0 | UR10: 0 | US10: 0 | UT10: 0 | UU10: 0 | UV10: 0 | UW10: 0 | UX10: 0 | UY10: 0 | UZ10: 0 | VA10: 0 | VB10: 0 | VC10: 0 | VD10: 0 | VE10: 0 | VF10: 0 | VG10: 0 | VH10: 0 | VI10: 0 | VJ10: 0 | VK10: 0 | VL10: 0 | VM10: 0 | VN10: 0 | VO10: 0 | VP10: 0 | VQ10: 0 | VR10: 0 | VS10: 0 | VT10: 0 | VU10: 0 | VV10: 0 | VW10: 0 | VX10: 0 | VY10: 0 | VZ10: 0 | WA10: 0 | WB10: 0 | WC10: 0 | WD10: 0 | WE10: 0 | WF10: 0 | WG10: 0 | WH10: 0 | WI10: 0 | WJ10: 0 | WK10: 0 | WL10: 0 | WM10: 0 | WN10: 0 | WO10: 0 | WP10: 0 | WQ10: 0 | WR10: 0 | WS10: 0 | WT10: 0 | WU10: 0 | WV10: 0 | WW10: 0 | WX10: 0 | WY10: 0 | WZ10: 0 | XA10: 0 | XB10: 0 | XC10: 0 | XD10: 0 | XE10: 0 | XF10: 0 | XG10: 0 | XH10: 0 | XI10: 0 | XJ10: 0 | XK10: 0 | XL10: 0 | XM10: 0 | XN10: 0 | XO10: 0 | XP10: 0 | XQ10: 0 | XR10: 0 | XS10: 0 | XT10: 0 | XU10: 0 | XV10: 0 | XW10: 0 | XX10: 0 | XY10: 0 | XZ10: 0 | YA10: 0 | YB10: 0 | YC10: 0 | YD10: 0 | YE10: 0 | YF10: 0 | YG10: 0 | YH10: 0 | YI10: 0 | YJ10: 0 | YK10: 0 | YL10: 0 | YM10: 0 | YN10: 0 | YO10: 0 | YP10: 0 | YQ10: 0 | YR10: 0 | YS10: 0 | YT10: 0 | YU10: 0 | YV10: 0 | YW10: 0 | YX10: 0 | YY10: 0 | YZ10: 0 | ZA10: 0 | ZB10: 0 | ZC10: 0 | ZD10: 0 | ZE10: 0 | ZF10: 0 | ZG10: 0 | ZH10: 0 | ZI10: 0 | ZJ10: 0 | ZK10: 0 | ZL10: 0 | ZM10: 0 | ZN10: 0 | ZO10: 0 | ZP10: 0 | ZQ10: 0 | ZR10: 0 | ZS10: 0 | ZT10: 0 | ZU10: 0 | ZV10: 0 | ZW10: 0 | ZX10: 0 | ZY10: 0 | ZZ10: 0 | AAA10: 0 | AAB10: 0 | AAC10: 0 | AAD10: 0 | AAE10: 0 | AAF10: 0 | AAG10: 0 | AAH10: 0 | AAI10: 0 | AAJ10: 0 | AAK10: 0 | AAL10: 0 | AAM10: 0 | AAN10: 0 | AAO10: 0 | AAP10: 0 | AAQ10: 0 | AAR10: 0 | AAS10: 0 | AAT10: 0 | AAU10: 0 | AAV10: 0 | AAW10: 0 | AAX10: 0 | AAY10: 0 | AAZ10: 0 | ABA10: 0 | ABB10: 0 | ABC10: 0 | ABD10: 0 | ABE10: 0 | ABF10: 0 | ABG10: 0 | ABH10: 0 | ABI10: 0 | ABJ10: 0 | ABK10: 0 | ABL10: 0 | ABM10: 0 | ABN10: 0 | ABO10: 0 | ABP10: 0 | ABQ10: 0 | ABR10: 0 | ABS10: 0 | ABT10: 0 | ABU10: 0 | ABV10: 0 | ABW10: 0 | ABX10: 0 | ABY10: 0 | ABZ10: 0 | ACA10: 0 | ACB10: 0 | ACC10: 0 | ACD10: 0 | ACE10: 0 | ACF10: 0 | ACG10: 0 | ACH10: 0 | ACI10: 0 | ACJ10: 0 | ACK10: 0 | ACL10: 0 | ACM10: 0 | ACN10: 0 | ACO10: 0 | ACP10: 0 | ACQ10: 0 | ACR10: 0 | ACS10: 0 | ACT10: 0 | ACU10: 0 | ACV10: 0 | ACW10: 0 | ACX10: 0 | ACY10: 0 | ACZ10: 0 | ADA10: 0 | ADB10: 0 | ADC10: 0 | ADD10: 0 | ADE10: 0 | ADF10: 0 | ADG10: 0 | ADH10: 0 | ADI10: 0 | ADJ10: 0 | ADK10: 0 | ADL10: 0 | ADM10: 0 | ADN10: 0 | ADO10: 0 | ADP10: 0 | ADQ10: 0 | ADR10: 0 | ADS10: 0 | ADT10: 0 | ADU10: 0 | ADV10: 0 | ADW10: 0 | ADX10: 0 | ADY10: 0 | ADZ10: 0 | AEA10: 0 | AEB10: 0 | AEC10: 0 | AED10: 0 | AEE10: 0 | AEF10: 0 | AEG10: 0 | AEH10: 0 | AEI10: 0 | AEJ10: 0 | AEK10: 0 | AEL10: 0 | AEM10: 0 | AEN10: 0 | AEO10: 0 | AEP10: 0 | AEQ10: 0 | AER10: 0 | AES10: 0 | AET10: 0 | AEU10: 0 | AEV10: 0 | AEW10: 0 | AEX10: 0 | AEY10: 0 | AEZ10: 0 | AFA10: 0 | AFB10: 0 | AFC10: 0 | AFD10: 0 | AFE10: 0 | AFF10: 0 | AFG10: 0 | AFH10: 0 | AFI10: 0 | AFJ10: 0 | AFK10: 0 | AFL10: 0 | AFM10: 0 | AFN10: 0 | AFO10: 0 | AFP10: 0 | AFQ10: 0 | AFR10: 0 | AFS10: 0 | AFT10: 0 | AFU10: 0 | AFV10: 0 | AFW10: 0 | AFX10: 0 | AFY10: 0 | AFZ10: 0 | AGA10: 0 | AGB10: 0 | AGC10: 0 | AGD10: 0 | AGE10: 0 | AGF10: 0 | AGG10: 0 | AGH10: 0 | AGI10: 0 | AGJ10: 0 | AGK10: 0 | AGL10: 0 | AGM10: 0 | AGN10: 0 | AGO10: 0 | AGP10: 0 | AGQ10: 0 | AGR10: 0 | AGS10: 0 | AGT10: 0 | AGU10: 0 | AGV10: 0 | AGW10: 0 | AGX10: 0 | AGY10: 0 | AGZ10: 0 | AHA10: 0 | AHB10: 0 | AHC10: 0 | AHD10: 0 | AHE10: 0 | AHF10: 0 | AHG10: 0 | AHH10: 0 | AHI10: 0 | AHJ10: 0 | AHK10: 0 | AHL10: 0 | AHM10: 0 | AHN10: 0 | AHO10: 0 | AHP10: 0 | AHQ10: 0 | AHR10: 0 | AHS10: 0 | AHT10: 0 | AHU10: 0 | AHV10: 0 | AHW10: 0 | AHX10: 0 | AHY10: 0 | AHZ10: 0 | AIA10: 0 | AIB10: 0 | AIC10: 0 | AID10: 0 | AIE10: 0 | AIF10: 0 | AIG10: 0 | AIH10: 0 | AII10: 0 | AIJ10: 0 | AIK10: 0 | AIL10: 0 | AIM10: 0 | AIN10: 0 | AIO10: 0 | AIP10: 0 | AIQ10: 0 | AIR10: 0 | AIS10: 0 | AIT10: 0 | AIU10: 0 | AIV10: 0 | AIW10: 0 | AIX10: 0 | AIY10: 0 | AIZ10: 0 | AJA10: 0 | AJB10: 0 | AJC10: 0 | AJD10: 0 | AJE10: 0 | AJF10: 0 | AJG10: 0 | AJH10: 0 | AJI10: 0 | AJJ10: 0 | AJK10: 0 | AJL10: 0 | AJM10: 0 | AJN10: 0 | AJO10: 0 | AJP10: 0 | AJQ10: 0 | AJR10: 0 | AJS10: 0 | AJT10: 0 | AJU10: 0 | AJV10: 0 | AJW10: 0 | AJX10: 0 | AJY10: 0 | AJZ10: 0 | AKA10: 0 | AKB10: 0 | AKC10: 0 | AKD10: 0 | AKE10: 0 | AKF10: 0 | AKG10: 0 | AKH10: 0 | AKI10: 0 | AKJ10: 0 | AKK10: 0 | AKL10: 0 | AKM10: 0 | AKN10: 0 | AKO10: 0 | AKP10: 0 | AKQ10: 0 | AKR10: 0 | AKS10: 0 | AKT10: 0 | AKU10: 0 | AKV10: 0 | AKW10: 0 | AKX10: 0 | AKY10: 0 | AKZ10: 0 | ALA10: 0 | ALB10: 0 | ALC10: 0 | ALD10: 0 | ALE10: 0 | ALF10: 0 | ALG10: 0 | ALH10: 0 | ALI10: 0 | ALJ10: 0 | ALK10: 0 | ALL10: 0 | ALM10: 0 | ALN10: 0 | ALO10: 0 | ALP10: 0 | ALQ10: 0 | ALR10: 0 | ALS10: 0 | ALT10: 0 | ALU10: 0 | ALV10: 0 | ALW10: 0 | ALX10: 0 | ALY10: 0 | ALZ10: 0 | AMA10: 0 | AMB10: 0 | AMC10: 0 | AMD10: 0 | AME10: 0 | AMF10: 0 | AMG10: 0 | AMH10: 0 | AMI10: 0 | AMJ10: 0 | AMK10: 0 | AML10: 0 | AMM10: 0 | AMN10: 0 | AMO10: 0 | AMP10: 0 | AMQ10: 0 | AMR10: 0 | AMS10: 0 | AMT10: 0 | AMU10: 0 | AMV10: 0 | AMW10: 0 | AMX10: 0 | AMY10: 0 | AMZ10: 0 | ANA10: 0 | ANB10: 0 | ANC10: 0 | AND10: 0 | ANE10: 0 | ANF10: 0 | ANG10: 0 | ANH10: 0 | ANI10: 0 | ANJ10: 0 | ANK10: 0 | ANL10: 0 | ANM10: 0 | ANN10: 0 | ANO10: 0 | ANP10: 0 | ANQ10: 0 | ANR10: 0 | ANS10: 0 | ANT10: 0 | ANU10: 0 | ANV10: 0 | ANW10: 0 | ANX10: 0 | ANY10: 0 | ANZ10: 0 | AOA10: 0 | AOB10: 0 | AOC10: 0 | AOD10: 0 | AOE10: 0 | AOF10: 0 | AOG10: 0 | AOH10: 0 | AOI10: 0 | AOJ10: 0 | AOK10: 0 | AOL10: 0 | AOM10: 0 | AON10: 0 | AOO10: 0 | AOP10: 0 | AOQ10: 0 | AOR10: 0 | AOS10: 0 | AOT10: 0 | AOU10: 0 | AOV10: 0 | AOW10: 0 | AOX10: 0 | AOY10: 0 | AOZ10: 0 | APA10: 0 | APB10: 0 | APC10: 0 | APD10: 0 | APE10: 0 | APF10: 0 | APG10: 0 | APH10: 0 | API10: 0 | APJ10: 0 | APK10: 0 | APL10: 0 | APM10: 0 | APN10: 0 | APO10: 0 | APP10: 0 | APQ10: 0 | APR10: 0 | APS10: 0 | APT10: 0 | APU10: 0 | APV10: 0 | APW10: 0 | APX10: 0 | APY10: 0 | APZ10: 0 | AQA10: 0 | AQB10: 0 | AQC10: 0 | AQD10: 0 | AQE10: 0 | AQF10: 0 | AQG10: 0 | AQH10: 0 | AQI10: 0 | AQJ10: 0 | AQK10: 0 | AQL10: 0 | AQM10: 0 | AQN10: 0 | AQO10: 0 | AQP10: 0 | AQQ10: 0 | AQR10: 0 | AQS10: 0 | AQT10: 0 | AQU10: 0 | AQV10: 0 | AQW10: 0 | AQX10: 0 | AQY10: 0 | AQZ10: 0 | ARA10: 0 | ARB10: 0 | ARC10: 0 | ARD10: 0 | ARE10: 0 | ARF10: 0 | ARG10: 0 | ARH10: 0 | ARI10: 0 | ARJ10: 0 | ARK10: 0 | ARL10: 0 | ARM10: 0 | ARN10: 0 | ARO10: 0 | ARP10: 0 | ARQ10: 0 | ARR10: 0 | ARS10: 0 | ART10: 0 | ARU10: 0 | ARV10: 0 | ARW10: 0 | ARX10: 0 | ARY10: 0 | ARZ10: 0 | ASA10: 0 | ASB10: 0 | ASC10: 0 | ASD10: 0 | ASE10: 0 | ASF10: 0 | ASG10: 0 | ASH10: 0 | ASI10: 0 | ASJ10: 0 | ASK10: 0 | ASL10: 0 | ASM10: 0 | ASN10: 0 | ASO10: 0 | ASP10: 0 | ASQ10: 0 | ASR10: 0 | ASS10: 0 | AST10: 0 | ASU10: 0 | ASV10: 0 | ASW10: 0 | ASX10: 0 | ASY10: 0 | ASZ10: 0 | ATA10: 0 | ATB10: 0 | ATC10: 0 | ATD10: 0 | ATE10: 0 | ATF10: 0 | ATG10: 0 | ATH10: 0 | ATI10: 0 | ATJ10: 0 | ATK10: 0 | ATL10: 0 | ATM10: 0 | ATN10: 0 | ATO10: 0 | ATP10: 0 | ATQ10: 0 | ATR10: 0 | ATS10: 0 | ATT10: 0 | ATU10: 0 | ATV10: 0 | ATW10: 0 | ATX10: 0 | ATY10: 0 | ATZ10: 0 | AUA10: 0 | AUB10: 0 | AUC10: 0 | AUD10: 0 | AUE10: 0 | AUF10: 0 | AUG10: 0 | AUH10: 0 | AUI10: 0 | AUJ10: 0 | AUK10: 0 | AUL10: 0 | AUM10: 0 | AUN10: 0 | AUO10: 0 | AUP10: 0 | AUQ10: 0 | AUR10: 0 | AUS10: 0 | AUT10: 0 | AUU10: 0 | AUV10: 0 | AUW10: 0 | AUX10: 0 | AUY10: 0 | AUZ10: 0 | AVA10: 0 | AVB10: 0 | AVC10: 0 | AVD10: 0 | AVE10: 0 | AVF10: 0 | AVG10: 0 | AVH10: 0 | AVI10: 0 | AVJ10: 0 | AVK10: 0 | AVL10: 0 | AVM10: 0 | AVN10: 0 | AVO10: 0 | AVP10: 0 | AVQ10: 0 | AVR10: 0 | AVS10: 0 | AVT10: 0 | AVU10: 0 | AVV10: 0 | AVW10: 0 | AVX10: 0 | AVY10: 0 | AVZ10: 0 | AWA10: 0 | AWB10: 0 | AWC10: 0 | AWD10: 0 | AWE10: 0 | AWF10: 0 | AWG10: 0 | AWH10: 0 | AWI10: 0 | AWJ10: 0 | AWK10: 0 | AWL10: 0 | AWM10: 0 | AWN10: 0 | AWO10: 0 | AWP10: 0 | AWQ10: 0 | AWR10: 0 | AWS10: 0 | AWT10: 0 | AWU10: 0 | AWV10: 0 | AWW10: 0 | AWX10: 0 | AWY10: 0 | AWZ10: 0 | AXA10: 0 | AXB10: 0 | AXC10: 0 | AXD10: 0 | AXE10: 0 | AXF10: 0 | AXG10: 0 | AXH10: 0 | AXI10: 0 | AXJ10: 0 | AXK10: 0 | AXL10: 0 | AXM10: 0 | AXN10: 0 | AXO10: 0 | AXP10: 0 | AXQ10: 0 | AXR10: 0 | AXS10: 0 | AXT10: 0 | AXU10: 0 | AXV10: 0 | AXW10: 0 | AXX10: 0 | AXY10: 0 | AXZ10: 0 | AYA10: 0 | AYB10: 0 | AYC10: 0 | AYD10: 0 | AYE10: 0 | AYF10: 0 | AYG10: 0 | AYH10: 0 | AYI10: 0 | AYJ10: 0 | AYK10: 0 | AYL10: 0 | AYM10: 0 | AYN10: 0 | AYO10: 0 | AYP10: 0 | AYQ10: 0 | AYR10: 0 | AYS10: 0 | AYT10: 0 | AYU10: 0 | AYV10: 0 | AYW10: 0 | AYX10: 0 | AYY10: 0 | AYZ10: 0 | AZA10: 0 | AZB10: 0 | AZC10: 0 | AZD10: 0 | AZE10: 0 | AZF10: 0 | AZG10: 0 | AZH10: 0 | AZI10: 0 | AZJ10: 0 | AZK10: 0 | AZL10: 0 | AZM10: 0 | AZN10: 0 | AZO10: 0 | AZP10: 0 | AZQ10: 0 | AZR10: 0 | AZS10: 0 | AZT10: 0 | AZU10: 0 | AZV10: 0 | AZW10: 0 | AZX10: 0 | AZY10: 0 | AZZ10: 0 | BAA10: 0
A11: 5271 | B11: 2502 | K11: 0 | L11: 0 | O11: 5271 | P11: سلوى الصالحين موسى | Q11: 0 | R11: 0 | U11: 0 | V11: 0 | W11: 0 | X11: 0 | Y11: 0 | Z11: 0 | AA11: 0 | AB11: 0 | AC11: 0 | AD11: 0 | AE11: 0 | AF11: 0 | AG11: 0 | AH11: 0 | AI11: 0 | AJ11: 0 | AK11: 0 | AL11: 0 | AM11: 0 | AN11: 0 | AO11: 0 | AP11: 0 | AQ11: 0 | AR11: 0 | AS11: 0 | AT11: 0 | AU11: 0 | AV11: 0 | AW11: 0 | AX11: 0 | AY11: 0 | AZ11: 0 | BA11: 0 | BB11: 0 | BC11: 0 | BD11: 0 | BE11: 0 | BF11: 0 | BG11: 0 | BH11: 0 | BI11: 0 | BJ11: 0 | BK11: 0 | BL11: 0 | BM11: 0 | BN11: 0 | BO11: 0 | BP11: 0 | BQ11: 0 | BR11: 0 | BS11: 0 | BT11: 0 | BU11: 0 | BV11: 0 | BW11: 0 | BX11: 0 | BY11: 0 | BZ11: 0 | CA11: 0 | CB11: 0 | CC11: 0 | CD11: 0 | CE11: 0 | CF11: 0 | CG11: 0 | CH11: 0 | CI11: 0 | CJ11: 0 | CK11: 0 | CL11: 0 | CM11: 0 | CN11: 0 | CO11: 0 | CP11: 0 | CQ11: 0 | CR11: 0 | CS11: 0 | CT11: 0 | CU11: 0 | CV11: 0 | CW11: 0 | CX11: 0 | CY11: 0 | CZ11: 0 | DA11: 0 | DB11: 0 | DC11: 0 | DD11: 0 | DE11: 0 | DF11: 0 | DG11: 0 | DH11: 0 | DI11: 0 | DJ11: 0 | DK11: 0 | DL11: 0 | DM11: 0 | DN11: 0 | DO11: 0 | DP11: 0 | DQ11: 0 | DR11: 0 | DS11: 0 | DT11: 0 | DU11: 0 | DV11: 0 | DW11: 0 | DX11: 0 | DY11: 0 | DZ11: 0 | EA11: 0 | EB11: 0 | EC11: 0 | ED11: 0 | EE11: 0 | EF11: 0 | EG11: 0 | EH11: 0 | EI11: 0 | EJ11: 0 | EK11: 0 | EL11: 0 | EM11: 0 | EN11: 0 | EO11: 0 | EP11: 0 | EQ11: 0 | ER11: 0 | ES11: 0 | ET11: 0 | EU11: 0 | EV11: 0 | EW11: 0 | EX11: 0 | EY11: 0 | EZ11: 0 | FA11: 0 | FB11: 0 | FC11: 0 | FD11: 0 | FE11: 0 | FF11: 0 | FG11: 0 | FH11: 0 | FI11: 0 | FJ11: 0 | FK11: 0 | FL11: 0 | FM11: 0 | FN11: 0 | FO11: 0 | FP11: 0 | FQ11: 0 | FR11: 0 | FS11: 0 | FT11: 0 | FU11: 0 | FV11: 0 | FW11: 0 | FX11: 0 | FY11: 0 | FZ11: 0 | GA11: 0 | GB11: 0 | GC11: 0 | GD11: 0 | GE11: 0 | GF11: 0 | GG11: 0 | GH11: 0 | GI11: 0 | GJ11: 0 | GK11: 0 | GL11: 0 | GM11: 0 | GN11: 0 | GO11: 0 | GP11: 0 | GQ11: 0 | GR11: 0 | GS11: 0 | GT11: 0 | GU11: 0 | GV11: 0 | GW11: 0 | GX11: 0 | GY11: 0 | GZ11: 0 | HA11: 0 | HB11: 0 | HC11: 0 | HD11: 0 | HE11: 0 | HF11: 0 | HG11: 0 | HH11: 0 | HI11: 0 | HJ11: 0 | HK11: 0 | HL11: 0 | HM11: 0 | HN11: 0 | HO11: 0 | HP11: 0 | HQ11: 0 | HR11: 0 | HS11: 0 | HT11: 0 | HU11: 0 | HV11: 0 | HW11: 0 | HX11: 0 | HY11: 0 | HZ11: 0 | IA11: 0 | IB11: 0 | IC11: 0 | ID11: 0 | IE11: 0 | IF11: 0 | IG11: 0 | IH11: 0 | II11: 0 | IJ11: 0 | IK11: 0 | IL11: 0 | IM11: 0 | IN11: 0 | IO11: 0 | IP11: 0 | IQ11: 0 | IR11: 0 | IS11: 0 | IT11: 0 | IU11: 0 | IV11: 0 | IW11: 0 | IX11: 0 | IY11: 0 | IZ11: 0 | JA11: 0 | JB11: 0 | JC11: 0 | JD11: 0 | JE11: 0 | JF11: 0 | JG11: 0 | JH11: 0 | JI11: 0 | JJ11: 0 | JK11: 0 | JL11: 0 | JM11: 0 | JN11: 0 | JO11: 0 | JP11: 0 | JQ11: 0 | JR11: 0 | JS11: 0 | JT11: 0 | JU11: 0 | JV11: 0 | JW11: 0 | JX11: 0 | JY11: 0 | JZ11: 0 | KA11: 0 | KB11: 0 | KC11: 0 | KD11: 0 | KE11: 0 | KF11: 0 | KG11: 0 | KH11: 0 | KI11: 0 | KJ11: 0 | KK11: 0 | KL11: 0 | KM11: 0 | KN11: 0 | KO11: 0 | KP11: 0 | KQ11: 0 | KR11: 0 | KS11: 0 | KT11: 0 | KU11: 0 | KV11: 0 | KW11: 0 | KX11: 0 | KY11: 0 | KZ11: 0 | LA11: 0 | LB11: 0 | LC11: 0 | LD11: 0 | LE11: 0 | LF11: 0 | LG11: 0 | LH11: 0 | LI11: 0 | LJ11: 0 | LK11: 0 | LL11: 0 | LM11: 0 | LN11: 0 | LO11: 0 | LP11: 0 | LQ11: 0 | LR11: 0 | LS11: 0 | LT11: 0 | LU11: 0 | LV11: 0 | LW11: 0 | LX11: 0 | LY11: 0 | LZ11: 0 | MA11: 0 | MB11: 0 | MC11: 0 | MD11: 0 | ME11: 0 | MF11: 0 | MG11: 0 | MH11: 0 | MI11: 0 | MJ11: 0 | MK11: 0 | ML11: 0 | MM11: 0 | MN11: 0 | MO11: 0 | MP11: 0 | MQ11: 0 | MR11: 0 | MS11: 0 | MT11: 0 | MU11: 0 | MV11: 0 | MW11: 0 | MX11: 0 | MY11: 0 | MZ11: 0 | NA11: 0 | NB11: 0 | NC11: 0 | ND11: 0 | NE11: 0 | NF11: 0 | NG11: 0 | NH11: 0 | NI11: 0 | NJ11: 0 | NK11: 0 | NL11: 0 | NM11: 0 | NN11: 0 | NO11: 0 | NP11: 0 | NQ11: 0 | NR11: 0 | NS11: 0 | NT11: 0 | NU11: 0 | NV11: 0 | NW11: 0 | NX11: 0 | NY11: 0 | NZ11: 0 | OA11: 0 | OB11: 0 | OC11: 0 | OD11: 0 | OE11: 0 | OF11: 0 | OG11: 0 | OH11: 0 | OI11: 0 | OJ11: 0 | OK11: 0 | OL11: 0 | OM11: 0 | ON11: 0 | OO11: 0 | OP11: 0 | OQ11: 0 | OR11: 0 | OS11: 0 | OT11: 0 | OU11: 0 | OV11: 0 | OW11: 0 | OX11: 0 | OY11: 0 | OZ11: 0 | PA11: 0 | PB11: 0 | PC11: 0 | PD11: 0 | PE11: 0 | PF11: 0 | PG11: 0 | PH11: 0 | PI11: 0 | PJ11: 0 | PK11: 0 | PL11: 0 | PM11: 0 | PN11: 0 | PO11: 0 | PP11: 0 | PQ11: 0 | PR11: 0 | PS11: 0 | PT11: 0 | PU11: 0 | PV11: 0 | PW11: 0 | PX11: 0 | PY11: 0 | PZ11: 0 | QA11: 0 | QB11: 0 | QC11: 0 | QD11: 0 | QE11: 0 | QF11: 0 | QG11: 0 | QH11: 0 | QI11: 0 | QJ11: 0 | QK11: 0 | QL11: 0 | QM11: 0 | QN11: 0 | QO11: 0 | QP11: 0 | QQ11: 0 | QR11: 0 | QS11: 0 | QT11: 0 | QU11: 0 | QV11: 0 | QW11: 0 | QX11: 0 | QY11: 0 | QZ11: 0 | RA11: 0 | RB11: 0 | RC11: 0 | RD11: 0 | RE11: 0 | RF11: 0 | RG11: 0 | RH11: 0 | RI11: 0 | RJ11: 0 | RK11: 0 | RL11: 0 | RM11: 0 | RN11: 0 | RO11: 0 | RP11: 0 | RQ11: 0 | RR11: 0 | RS11: 0 | RT11: 0 | RU11: 0 | RV11: 0 | RW11: 0 | RX11: 0 | RY11: 0 | RZ11: 0 | SA11: 0 | SB11: 0 | SC11: 0 | SD11: 0 | SE11: 0 | SF11: 0 | SG11: 0 | SH11: 0 | SI11: 0 | SJ11: 0 | SK11: 0 | SL11: 0 | SM11: 0 | SN11: 0 | SO11: 0 | SP11: 0 | SQ11: 0 | SR11: 0 | SS11: 0 | ST11: 0 | SU11: 0 | SV11: 0 | SW11: 0 | SX11: 0 | SY11: 0 | SZ11: 0 | TA11: 0 | TB11: 0 | TC11: 0 | TD11: 0 | TE11: 0 | TF11: 0 | TG11: 0 | TH11: 0 | TI11: 0 | TJ11: 0 | TK11: 0 | TL11: 0 | TM11: 0 | TN11: 0 | TO11: 0 | TP11: 0 | TQ11: 0 | TR11: 0 | TS11: 0 | TT11: 0 | TU11: 0 | TV11: 0 | TW11: 0 | TX11: 0 | TY11: 0 | TZ11: 0 | UA11: 0 | UB11: 0 | UC11: 0 | UD11: 0 | UE11: 0 | UF11: 0 | UG11: 0 | UH11: 0 | UI11: 0 | UJ11: 0 | UK11: 0 | UL11: 0 | UM11: 0 | UN11: 0 | UO11: 0 | UP11: 0 | UQ11: 0 | UR11: 0 | US11: 0 | UT11: 0 | UU11: 0 | UV11: 0 | UW11: 0 | UX11: 0 | UY11: 0 | UZ11: 0 | VA11: 0 | VB11: 0 | VC11: 0 | VD11: 0 | VE11: 0 | VF11: 0 | VG11: 0 | VH11: 0 | VI11: 0 | VJ11: 0 | VK11: 0 | VL11: 0 | VM11: 0 | VN11: 0 | VO11: 0 | VP11: 0 | VQ11: 0 | VR11: 0 | VS11: 0 | VT11: 0 | VU11: 0 | VV11: 0 | VW11: 0 | VX11: 0 | VY11: 0 | VZ11: 0 | WA11: 0 | WB11: 0 | WC11: 0 | WD11: 0 | WE11: 0 | WF11: 0 | WG11: 0 | WH11: 0 | WI11: 0 | WJ11: 0 | WK11: 0 | WL11: 0 | WM11: 0 | WN11: 0 | WO11: 0 | WP11: 0 | WQ11: 0 | WR11: 0 | WS11: 0 | WT11: 0 | WU11: 0 | WV11: 0 | WW11: 0 | WX11: 0 | WY11: 0 | WZ11: 0 | XA11: 0 | XB11: 0 | XC11: 0 | XD11: 0 | XE11: 0 | XF11: 0 | XG11: 0 | XH11: 0 | XI11: 0 | XJ11: 0 | XK11: 0 | XL11: 0 | XM11: 0 | XN11: 0 | XO11: 0 | XP11: 0 | XQ11: 0 | XR11: 0 | XS11: 0 | XT11: 0 | XU11: 0 | XV11: 0 | XW11: 0 | XX11: 0 | XY11: 0 | XZ11: 0 | YA11: 0 | YB11: 0 | YC11: 0 | YD11: 0 | YE11: 0 | YF11: 0 | YG11: 0 | YH11: 0 | YI11: 0 | YJ11: 0 | YK11: 0 | YL11: 0 | YM11: 0 | YN11: 0 | YO11: 0 | YP11: 0 | YQ11: 0 | YR11: 0 | YS11: 0 | YT11: 0 | YU11: 0 | YV11: 0 | YW11: 0 | YX11: 0 | YY11: 0 | YZ11: 0 | ZA11: 0 | ZB11: 0 | ZC11: 0 | ZD11: 0 | ZE11: 0 | ZF11: 0 | ZG11: 0 | ZH11: 0 | ZI11: 0 | ZJ11: 0 | ZK11: 0 | ZL11: 0 | ZM11: 0 | ZN11: 0 | ZO11: 0 | ZP11: 0 | ZQ11: 0 | ZR11: 0 | ZS11: 0 | ZT11: 0 | ZU11: 0 | ZV11: 0 | ZW11: 0 | ZX11: 0 | ZY11: 0 | ZZ11: 0 | AAA11: 0 | AAB11: 0 | AAC11: 0 | AAD11: 0 | AAE11: 0 | AAF11: 0 | AAG11: 0 | AAH11: 0 | AAI11: 0 | AAJ11: 0 | AAK11: 0 | AAL11: 0 | AAM11: 0 | AAN11: 0 | AAO11: 0 | AAP11: 0 | AAQ11: 0 | AAR11: 0 | AAS11: 0 | AAT11: 0 | AAU11: 0 | AAV11: 0 | AAW11: 0 | AAX11: 0 | AAY11: 0 | AAZ11: 0 | ABA11: 0 | ABB11: 0 | ABC11: 0 | ABD11: 0 | ABE11: 0 | ABF11: 0 | ABG11: 0 | ABH11: 0 | ABI11: 0 | ABJ11: 0 | ABK11: 0 | ABL11: 0 | ABM11: 0 | ABN11: 0 | ABO11: 0 | ABP11: 0 | ABQ11: 0 | ABR11: 0 | ABS11: 0 | ABT11: 0 | ABU11: 0 | ABV11: 0 | ABW11: 0 | ABX11: 0 | ABY11: 0 | ABZ11: 0 | ACA11: 0 | ACB11: 0 | ACC11: 0 | ACD11: 0 | ACE11: 0 | ACF11: 0 | ACG11: 0 | ACH11: 0 | ACI11: 0 | ACJ11: 0 | ACK11: 0 | ACL11: 0 | ACM11: 0 | ACN11: 0 | ACO11: 0 | ACP11: 0 | ACQ11: 0 | ACR11: 0 | ACS11: 0 | ACT11: 0 | ACU11: 0 | ACV11: 0 | ACW11: 0 | ACX11: 0 | ACY11: 0 | ACZ11: 0 | ADA11: 0 | ADB11: 0 | ADC11: 0 | ADD11: 0 | ADE11: 0 | ADF11: 0 | ADG11: 0 | ADH11: 0 | ADI11: 0 | ADJ11: 0 | ADK11: 0 | ADL11: 0 | ADM11: 0 | ADN11: 0 | ADO11: 0 | ADP11: 0 | ADQ11: 0 | ADR11: 0 | ADS11: 0 | ADT11: 0 | ADU11: 0 | ADV11: 0 | ADW11: 0 | ADX11: 0 | ADY11: 0 | ADZ11: 0 | AEA11: 0 | AEB11: 0 | AEC11: 0 | AED11: 0 | AEE11: 0 | AEF11: 0 | AEG11: 0 | AEH11: 0 | AEI11: 0 | AEJ11: 0 | AEK11: 0 | AEL11: 0 | AEM11: 0 | AEN11: 0 | AEO11: 0 | AEP11: 0 | AEQ11: 0 | AER11: 0 | AES11: 0 | AET11: 0 | AEU11: 0 | AEV11: 0 | AEW11: 0 | AEX11: 0 | AEY11: 0 | AEZ11: 0 | AFA11: 0 | AFB11: 0 | AFC11: 0 | AFD11: 0 | AFE11: 0 | AFF11: 0 | AFG11: 0 | AFH11: 0 | AFI11: 0 | AFJ11: 0 | AFK11: 0 | AFL11: 0 | AFM11: 0 | AFN11: 0 | AFO11: 0 | AFP11: 0 | AFQ11: 0 | AFR11: 0 | AFS11: 0 | AFT11: 0 | AFU11: 0 | AFV11: 0 | AFW11: 0 | AFX11: 0 | AFY11: 0 | AFZ11: 0 | AGA11: 0 | AGB11: 0 | AGC11: 0 | AGD11: 0 | AGE11: 0 | AGF11: 0 | AGG11: 0 | AGH11: 0 | AGI11: 0 | AGJ11: 0 | AGK11: 0 | AGL11: 0 | AGM11: 0 | AGN11: 0 | AGO11: 0 | AGP11: 0 | AGQ11: 0 | AGR11: 0 | AGS11: 0 | AGT11: 0 | AGU11: 0 | AGV11: 0 | AGW11: 0 | AGX11: 0 | AGY11: 0 | AGZ11: 0 | AHA11: 0 | AHB11: 0 | AHC11: 0 | AHD11: 0 | AHE11: 0 | AHF11: 0 | AHG11: 0 | AHH11: 0 | AHI11: 0 | AHJ11: 0 | AHK11: 0 | AHL11: 0 | AHM11: 0 | AHN11: 0 | AHO11: 0 | AHP11: 0 | AHQ11: 0 | AHR11: 0 | AHS11: 0 | AHT11: 0 | AHU11: 0 | AHV11: 0 | AHW11: 0 | AHX11: 0 | AHY11: 0 | AHZ11: 0 | AIA11: 0 | AIB11: 0 | AIC11: 0 | AID11: 0 | AIE11: 0 | AIF11: 0 | AIG11: 0 | AIH11: 0 | AII11: 0 | AIJ11: 0 | AIK11: 0 | AIL11: 0 | AIM11: 0 | AIN11: 0 | AIO11: 0 | AIP11: 0 | AIQ11: 0 | AIR11: 0 | AIS11: 0 | AIT11: 0 | AIU11: 0 | AIV11: 0 | AIW11: 0 | AIX11: 0 | AIY11: 0 | AIZ11: 0 | AJA11: 0 | AJB11: 0 | AJC11: 0 | AJD11: 0 | AJE11: 0 | AJF11: 0 | AJG11: 0 | AJH11: 0 | AJI11: 0 | AJJ11: 0 | AJK11: 0 | AJL11: 0 | AJM11: 0 | AJN11: 0 | AJO11: 0 | AJP11: 0 | AJQ11: 0 | AJR11: 0 | AJS11: 0 | AJT11: 0 | AJU11: 0 | AJV11: 0 | AJW11: 0 | AJX11: 0 | AJY11: 0 | AJZ11: 0 | AKA11: 0 | AKB11: 0 | AKC11: 0 | AKD11: 0 | AKE11: 0 | AKF11: 0 | AKG11: 0 | AKH11: 0 | AKI11: 0 | AKJ11: 0 | AKK11: 0 | AKL11: 0 | AKM11: 0 | AKN11: 0 | AKO11: 0 | AKP11: 0 | AKQ11: 0 | AKR11: 0 | AKS11: 0 | AKT11: 0 | AKU11: 0 | AKV11: 0 | AKW11: 0 | AKX11: 0 | AKY11: 0 | AKZ11: 0 | ALA11: 0 | ALB11: 0 | ALC11: 0 | ALD11: 0 | ALE11: 0 | ALF11: 0 | ALG11: 0 | ALH11: 0 | ALI11: 0 | ALJ11: 0 | ALK11: 0 | ALL11: 0 | ALM11: 0 | ALN11: 0 | ALO11: 0 | ALP11: 0 | ALQ11: 0 | ALR11: 0 | ALS11: 0 | ALT11: 0 | ALU11: 0 | ALV11: 0 | ALW11: 0 | ALX11: 0 | ALY11: 0 | ALZ11: 0 | AMA11: 0 | AMB11: 0 | AMC11: 0 | AMD11: 0 | AME11: 0 | AMF11: 0 | AMG11: 0 | AMH11: 0 | AMI11: 0 | AMJ11: 0 | AMK11: 0 | AML11: 0 | AMM11: 0 | AMN11: 0 | AMO11: 0 | AMP11: 0 | AMQ11: 0 | AMR11: 0 | AMS11: 0 | AMT11: 0 | AMU11: 0 | AMV11: 0 | AMW11: 0 | AMX11: 0 | AMY11: 0 | AMZ11: 0 | ANA11: 0 | ANB11: 0 | ANC11: 0 | AND11: 0 | ANE11: 0 | ANF11: 0 | ANG11: 0 | ANH11: 0 | ANI11: 0 | ANJ11: 0 | ANK11: 0 | ANL11: 0 | ANM11: 0 | ANN11: 0 | ANO11: 0 | ANP11: 0 | ANQ11: 0 | ANR11: 0 | ANS11: 0 | ANT11: 0 | ANU11: 0 | ANV11: 0 | ANW11: 0 | ANX11: 0 | ANY11: 0 | ANZ11: 0 | AOA11: 0 | AOB11: 0 | AOC11: 0 | AOD11: 0 | AOE11: 0 | AOF11: 0 | AOG11: 0 | AOH11: 0 | AOI11: 0 | AOJ11: 0 | AOK11: 0 | AOL11: 0 | AOM11: 0 | AON11: 0 | AOO11: 0 | AOP11: 0 | AOQ11: 0 | AOR11: 0 | AOS11: 0 | AOT11: 0 | AOU11: 0 | AOV11: 0 | AOW11: 0 | AOX11: 0 | AOY11: 0 | AOZ11: 0 | APA11: 0 | APB11: 0 | APC11: 0 | APD11: 0 | APE11: 0 | APF11: 0 | APG11: 0 | APH11: 0 | API11: 0 | APJ11: 0 | APK11: 0 | APL11: 0 | APM11: 0 | APN11: 0 | APO11: 0 | APP11: 0 | APQ11: 0 | APR11: 0 | APS11: 0 | APT11: 0 | APU11: 0 | APV11: 0 | APW11: 0 | APX11: 0 | APY11: 0 | APZ11: 0 | AQA11: 0 | AQB11: 0 | AQC11: 0 | AQD11: 0 | AQE11: 0 | AQF11: 0 | AQG11: 0 | AQH11: 0 | AQI11: 0 | AQJ11: 0 | AQK11: 0 | AQL11: 0 | AQM11: 0 | AQN11: 0 | AQO11: 0 | AQP11: 0 | AQQ11: 0 | AQR11: 0 | AQS11: 0 | AQT11: 0 | AQU11: 0 | AQV11: 0 | AQW11: 0 | AQX11: 0 | AQY11: 0 | AQZ11: 0 | ARA11: 0 | ARB11: 0 | ARC11: 0 | ARD11: 0 | ARE11: 0 | ARF11: 0 | ARG11: 0 | ARH11: 0 | ARI11: 0 | ARJ11: 0 | ARK11: 0 | ARL11: 0 | ARM11: 0 | ARN11: 0 | ARO11: 0 | ARP11: 0 | ARQ11: 0 | ARR11: 0 | ARS11: 0 | ART11: 0 | ARU11: 0 | ARV11: 0 | ARW11: 0 | ARX11: 0 | ARY11: 0 | ARZ11: 0 | ASA11: 0 | ASB11: 0 | ASC11: 0 | ASD11: 0 | ASE11: 0 | ASF11: 0 | ASG11: 0 | ASH11: 0 | ASI11: 0 | ASJ11: 0 | ASK11: 0 | ASL11: 0 | ASM11: 0 | ASN11: 0 | ASO11: 0 | ASP11: 0 | ASQ11: 0 | ASR11: 0 | ASS11: 0 | AST11: 0 | ASU11: 0 | ASV11: 0 | ASW11: 0 | ASX11: 0 | ASY11: 0 | ASZ11: 0 | ATA11: 0 | ATB11: 0 | ATC11: 0 | ATD11: 0 | ATE11: 0 | ATF11: 0 | ATG11: 0 | ATH11: 0 | ATI11: 0 | ATJ11: 0 | ATK11: 0 | ATL11: 0 | ATM11: 0 | ATN11: 0 | ATO11: 0 | ATP11: 0 | ATQ11: 0 | ATR11: 0 | ATS11: 0 | ATT11: 0 | ATU11: 0 | ATV11: 0 | ATW11: 0 | ATX11: 0 | ATY11: 0 | ATZ11: 0 | AUA11: 0 | AUB11: 0 | AUC11: 0 | AUD11: 0 | AUE11: 0 | AUF11: 0 | AUG11: 0 | AUH11: 0 | AUI11: 0 | AUJ11: 0 | AUK11: 0 | AUL11: 0 | AUM11: 0 | AUN11: 0 | AUO11: 0 | AUP11: 0 | AUQ11: 0 | AUR11: 0 | AUS11: 0 | AUT11: 0 | AUU11: 0 | AUV11: 0 | AUW11: 0 | AUX11: 0 | AUY11: 0 | AUZ11: 0 | AVA11: 0 | AVB11: 0 | AVC11: 0 | AVD11: 0 | AVE11: 0 | AVF11: 0 | AVG11: 0 | AVH11: 0 | AVI11: 0 | AVJ11: 0 | AVK11: 0 | AVL11: 0 | AVM11: 0 | AVN11: 0 | AVO11: 0 | AVP11: 0 | AVQ11: 0 | AVR11: 0 | AVS11: 0 | AVT11: 0 | AVU11: 0 | AVV11: 0 | AVW11: 0 | AVX11: 0 | AVY11: 0 | AVZ11: 0 | AWA11: 0 | AWB11: 0 | AWC11: 0 | AWD11: 0 | AWE11: 0 | AWF11: 0 | AWG11: 0 | AWH11: 0 | AWI11: 0 | AWJ11: 0 | AWK11: 0 | AWL11: 0 | AWM11: 0 | AWN11: 0 | AWO11: 0 | AWP11: 0 | AWQ11: 0 | AWR11: 0 | AWS11: 0 | AWT11: 0 | AWU11: 0 | AWV11: 0 | AWW11: 0 | AWX11: 0 | AWY11: 0 | AWZ11: 0 | AXA11: 0 | AXB11: 0 | AXC11: 0 | AXD11: 0 | AXE11: 0 | AXF11: 0 | AXG11: 0 | AXH11: 0 | AXI11: 0 | AXJ11: 0 | AXK11: 0 | AXL11: 0 | AXM11: 0 | AXN11: 0 | AXO11: 0 | AXP11: 0 | AXQ11: 0 | AXR11: 0 | AXS11: 0 | AXT11: 0 | AXU11: 0 | AXV11: 0 | AXW11: 0 | AXX11: 0 | AXY11: 0 | AXZ11: 0 | AYA11: 0 | AYB11: 0 | AYC11: 0 | AYD11: 0 | AYE11: 0 | AYF11: 0 | AYG11: 0 | AYH11: 0 | AYI11: 0 | AYJ11: 0 | AYK11: 0 | AYL11: 0 | AYM11: 0 | AYN11: 0 | AYO11: 0 | AYP11: 0 | AYQ11: 0 | AYR11: 0 | AYS11: 0 | AYT11: 0 | AYU11: 0 | AYV11: 0 | AYW11: 0 | AYX11: 0 | AYY11: 0 | AYZ11: 0 | AZA11: 0 | AZB11: 0 | AZC11: 0 | AZD11: 0 | AZE11: 0 | AZF11: 0 | AZG11: 0 | AZH11: 0 | AZI11: 0 | AZJ11: 0 | AZK11: 0 | AZL11: 0 | AZM11: 0 | AZN11: 0 | AZO11: 0 | AZP11: 0 | AZQ11: 0 | AZR11: 0 | AZS11: 0 | AZT11: 0 | AZU11: 0 | AZV11: 0 | AZW11: 0 | AZX11: 0 | AZY11: 0 | AZZ11: 0 | BAA11: 0
A12: 5277 | B12: 2804 | K12: 0 | L12: 0 | O12: 5277 | P12: مبروكة بشير صالح محمد | Q12: 0 | R12: 0 | U12: 0 | V12: 0 | W12: 0 | X12: 0 | Y12: 0 | Z12: 0 | AA12: 0 | AB12: 0 | AC12: 0 | AD12: 0 | AE12: 0 | AF12: 0 | AG12: 0 | AH12: 0 | AI12: 0 | AJ12: 0 | AK12: 0 | AL12: 0 | AM12: 0 | AN12: 0 | AO12: 0 | AP12: 0 | AQ12: 0 | AR12: 0 | AS12: 0 | AT12: 0 | AU12: 0 | AV12: 0 | AW12: 0 | AX12: 0 | AY12: 0 | AZ12: 0 | BA12: 0 | BB12: 0 | BC12: 0 | BD12: 0 | BE12: 0 | BF12: 0 | BG12: 0 | BH12: 0 | BI12: 0 | BJ12: 0 | BK12: 0 | BL12: 0 | BM12: 0 | BN12: 0 | BO12: 0 | BP12: 0 | BQ12: 0 | BR12: 0 | BS12: 0 | BT12: 0 | BU12: 0 | BV12: 0 | BW12: 0 | BX12: 0 | BY12: 0 | BZ12: 0 | CA12: 0 | CB12: 0 | CC12: 0 | CD12: 0 | CE12: 0 | CF12: 0 | CG12: 0 | CH12: 0 | CI12: 0 | CJ12: 0 | CK12: 0 | CL12: 0 | CM12: 0 | CN12: 0 | CO12: 0 | CP12: 0 | CQ12: 0 | CR12: 0 | CS12: 0 | CT12: 0 | CU12: 0 | CV12: 0 | CW12: 0 | CX12: 0 | CY12: 0 | CZ12: 0 | DA12: 0 | DB12: 0 | DC12: 0 | DD12: 0 | DE12: 0 | DF12: 0 | DG12: 0 | DH12: 0 | DI12: 0 | DJ12: 0 | DK12: 0 | DL12: 0 | DM12: 0 | DN12: 0 | DO12: 0 | DP12: 0 | DQ12: 0 | DR12: 0 | DS12: 0 | DT12: 0 | DU12: 0 | DV12: 0 | DW12: 0 | DX12: 0 | DY12: 0 | DZ12: 0 | EA12: 0 | EB12: 0 | EC12: 0 | ED12: 0 | EE12: 0 | EF12: 0 | EG12: 0 | EH12: 0 | EI12: 0 | EJ12: 0 | EK12: 0 | EL12: 0 | EM12: 0 | EN12: 0 | EO12: 0 | EP12: 0 | EQ12: 0 | ER12: 0 | ES12: 0 | ET12: 0 | EU12: 0 | EV12: 0 | EW12: 0 | EX12: 0 | EY12: 0 | EZ12: 0 | FA12: 0 | FB12: 0 | FC12: 0 | FD12: 0 | FE12: 0 | FF12: 0 | FG12: 0 | FH12: 0 | FI12: 0 | FJ12: 0 | FK12: 0 | FL12: 0 | FM12: 0 | FN12: 0 | FO12: 0 | FP12: 0 | FQ12: 0 | FR12: 0 | FS12: 0 | FT12: 0 | FU12: 0 | FV12: 0 | FW12: 0 | FX12: 0 | FY12: 0 | FZ12: 0 | GA12: 0 | GB12: 0 | GC12: 0 | GD12: 0 | GE12: 0 | GF12: 0 | GG12: 0 | GH12: 0 | GI12: 0 | GJ12: 0 | GK12: 0 | GL12: 0 | GM12: 0 | GN12: 0 | GO12: 0 | GP12: 0 | GQ12: 0 | GR12: 0 | GS12: 0 | GT12: 0 | GU12: 0 | GV12: 0 | GW12: 0 | GX12: 0 | GY12: 0 | GZ12: 0 | HA12: 0 | HB12: 0 | HC12: 0 | HD12: 0 | HE12: 0 | HF12: 0 | HG12: 0 | HH12: 0 | HI12: 0 | HJ12: 0 | HK12: 0 | HL12: 0 | HM12: 0 | HN12: 0 | HO12: 0 | HP12: 0 | HQ12: 0 | HR12: 0 | HS12: 0 | HT12: 0 | HU12: 0 | HV12: 0 | HW12: 0 | HX12: 0 | HY12: 0 | HZ12: 0 | IA12: 0 | IB12: 0 | IC12: 0 | ID12: 0 | IE12: 0 | IF12: 0 | IG12: 0 | IH12: 0 | II12: 0 | IJ12: 0 | IK12: 0 | IL12: 0 | IM12: 0 | IN12: 0 | IO12: 0 | IP12: 0 | IQ12: 0 | IR12: 0 | IS12: 0 | IT12: 0 | IU12: 0 | IV12: 0 | IW12: 0 | IX12: 0 | IY12: 0 | IZ12: 0 | JA12: 0 | JB12: 0 | JC12: 0 | JD12: 0 | JE12: 0 | JF12: 0 | JG12: 0 | JH12: 0 | JI12: 0 | JJ12: 0 | JK12: 0 | JL12: 0 | JM12: 0 | JN12: 0 | JO12: 0 | JP12: 0 | JQ12: 0 | JR12: 0 | JS12: 0 | JT12: 0 | JU12: 0 | JV12: 0 | JW12: 0 | JX12: 0 | JY12: 0 | JZ12: 0 | KA12: 0 | KB12: 0 | KC12: 0 | KD12: 0 | KE12: 0 | KF12: 0 | KG12: 0 | KH12: 0 | KI12: 0 | KJ12: 0 | KK12: 0 | KL12: 0 | KM12: 0 | KN12: 0 | KO12: 0 | KP12: 0 | KQ12: 0 | KR12: 0 | KS12: 0 | KT12: 0 | KU12: 0 | KV12: 0 | KW12: 0 | KX12: 0 | KY12: 0 | KZ12: 0 | LA12: 0 | LB12: 0 | LC12: 0 | LD12: 0 | LE12: 0 | LF12: 0 | LG12: 0 | LH12: 0 | LI12: 0 | LJ12: 0 | LK12: 0 | LL12: 0 | LM12: 0 | LN12: 0 | LO12: 0 | LP12: 0 | LQ12: 0 | LR12: 0 | LS12: 0 | LT12: 0 | LU12: 0 | LV12: 0 | LW12: 0 | LX12: 0 | LY12: 0 | LZ12: 0 | MA12: 0 | MB12: 0 | MC12: 0 | MD12: 0 | ME12: 0 | MF12: 0 | MG12: 0 | MH12: 0 | MI12: 0 | MJ12: 0 | MK12: 0 | ML12: 0 | MM12: 0 | MN12: 0 | MO12: 0 | MP12: 0 | MQ12: 0 | MR12: 0 | MS12: 0 | MT12: 0 | MU12: 0 | MV12: 0 | MW12: 0 | MX12: 0 | MY12: 0 | MZ12: 0 | NA12: 0 | NB12: 0 | NC12: 0 | ND12: 0 | NE12: 0 | NF12: 0 | NG12: 0 | NH12: 0 | NI12: 0 | NJ12: 0 | NK12: 0 | NL12: 0 | NM12: 0 | NN12: 0 | NO12: 0 | NP12: 0 | NQ12: 0 | NR12: 0 | NS12: 0 | NT12: 0 | NU12: 0 | NV12: 0 | NW12: 0 | NX12: 0 | NY12: 0 | NZ12: 0 | OA12: 0 | OB12: 0 | OC12: 0 | OD12: 0 | OE12: 0 | OF12: 0 | OG12: 0 | OH12: 0 | OI12: 0 | OJ12: 0 | OK12: 0 | OL12: 0 | OM12: 0 | ON12: 0 | OO12: 0 | OP12: 0 | OQ12: 0 | OR12: 0 | OS12: 0 | OT12: 0 | OU12: 0 | OV12: 0 | OW12: 0 | OX12: 0 | OY12: 0 | OZ12: 0 | PA12: 0 | PB12: 0 | PC12: 0 | PD12: 0 | PE12: 0 | PF12: 0 | PG12: 0 | PH12: 0 | PI12: 0 | PJ12: 0 | PK12: 0 | PL12: 0 | PM12: 0 | PN12: 0 | PO12: 0 | PP12: 0 | PQ12: 0 | PR12: 0 | PS12: 0 | PT12: 0 | PU12: 0 | PV12: 0 | PW12: 0 | PX12: 0 | PY12: 0 | PZ12: 0 | QA12: 0 | QB12: 0 | QC12: 0 | QD12: 0 | QE12: 0 | QF12: 0 | QG12: 0 | QH12: 0 | QI12: 0 | QJ12: 0 | QK12: 0 | QL12: 0 | QM12: 0 | QN12: 0 | QO12: 0 | QP12: 0 | QQ12: 0 | QR12: 0 | QS12: 0 | QT12: 0 | QU12: 0 | QV12: 0 | QW12: 0 | QX12: 0 | QY12: 0 | QZ12: 0 | RA12: 0 | RB12: 0 | RC12: 0 | RD12: 0 | RE12: 0 | RF12: 0 | RG12: 0 | RH12: 0 | RI12: 0 | RJ12: 0 | RK12: 0 | RL12: 0 | RM12: 0 | RN12: 0 | RO12: 0 | RP12: 0 | RQ12: 0 | RR12: 0 | RS12: 0 | RT12: 0 | RU12: 0 | RV12: 0 | RW12: 0 | RX12: 0 | RY12: 0 | RZ12: 0 | SA12: 0 | SB12: 0 | SC12: 0 | SD12: 0 | SE12: 0 | SF12: 0 | SG12: 0 | SH12: 0 | SI12: 0 | SJ12: 0 | SK12: 0 | SL12: 0 | SM12: 0 | SN12: 0 | SO12: 0 | SP12: 0 | SQ12: 0 | SR12: 0 | SS12: 0 | ST12: 0 | SU12: 0 | SV12: 0 | SW12: 0 | SX12: 0 | SY12: 0 | SZ12: 0 | TA12: 0 | TB12: 0 | TC12: 0 | TD12: 0 | TE12: 0 | TF12: 0 | TG12: 0 | TH12: 0 | TI12: 0 | TJ12: 0 | TK12: 0 | TL12: 0 | TM12: 0 | TN12: 0 | TO12: 0 | TP12: 0 | TQ12: 0 | TR12: 0 | TS12: 0 | TT12: 0 | TU12: 0 | TV12: 0 | TW12: 0 | TX12: 0 | TY12: 0 | TZ12: 0 | UA12: 0 | UB12: 0 | UC12: 0 | UD12: 0 | UE12: 0 | UF12: 0 | UG12: 0 | UH12: 0 | UI12: 0 | UJ12: 0 | UK12: 0 | UL12: 0 | UM12: 0 | UN12: 0 | UO12: 0 | UP12: 0 | UQ12: 0 | UR12: 0 | US12: 0 | UT12: 0 | UU12: 0 | UV12: 0 | UW12: 0 | UX12: 0 | UY12: 0 | UZ12: 0 | VA12: 0 | VB12: 0 | VC12: 0 | VD12: 0 | VE12: 0 | VF12: 0 | VG12: 0 | VH12: 0 | VI12: 0 | VJ12: 0 | VK12: 0 | VL12: 0 | VM12: 0 | VN12: 0 | VO12: 0 | VP12: 0 | VQ12: 0 | VR12: 0 | VS12: 0 | VT12: 0 | VU12: 0 | VV12: 0 | VW12: 0 | VX12: 0 | VY12: 0 | VZ12: 0 | WA12: 0 | WB12: 0 | WC12: 0 | WD12: 0 | WE12: 0 | WF12: 0 | WG12: 0 | WH12: 0 | WI12: 0 | WJ12: 0 | WK12: 0 | WL12: 0 | WM12: 0 | WN12: 0 | WO12: 0 | WP12: 0 | WQ12: 0 | WR12: 0 | WS12: 0 | WT12: 0 | WU12: 0 | WV12: 0 | WW12: 0 | WX12: 0 | WY12: 0 | WZ12: 0 | XA12: 0 | XB12: 0 | XC12: 0 | XD12: 0 | XE12: 0 | XF12: 0 | XG12: 0 | XH12: 0 | XI12: 0 | XJ12: 0 | XK12: 0 | XL12: 0 | XM12: 0 | XN12: 0 | XO12: 0 | XP12: 0 | XQ12: 0 | XR12: 0 | XS12: 0 | XT12: 0 | XU12: 0 | XV12: 0 | XW12: 0 | XX12: 0 | XY12: 0 | XZ12: 0 | YA12: 0 | YB12: 0 | YC12: 0 | YD12: 0 | YE12: 0 | YF12: 0 | YG12: 0 | YH12: 0 | YI12: 0 | YJ12: 0 | YK12: 0 | YL12: 0 | YM12: 0 | YN12: 0 | YO12: 0 | YP12: 0 | YQ12: 0 | YR12: 0 | YS12: 0 | YT12: 0 | YU12: 0 | YV12: 0 | YW12: 0 | YX12: 0 | YY12: 0 | YZ12: 0 | ZA12: 0 | ZB12: 0 | ZC12: 0 | ZD12: 0 | ZE12: 0 | ZF12: 0 | ZG12: 0 | ZH12: 0 | ZI12: 0 | ZJ12: 0 | ZK12: 0 | ZL12: 0 | ZM12: 0 | ZN12: 0 | ZO12: 0 | ZP12: 0 | ZQ12: 0 | ZR12: 0 | ZS12: 0 | ZT12: 0 | ZU12: 0 | ZV12: 0 | ZW12: 0 | ZX12: 0 | ZY12: 0 | ZZ12: 0 | AAA12: 0 | AAB12: 0 | AAC12: 0 | AAD12: 0 | AAE12: 0 | AAF12: 0 | AAG12: 0 | AAH12: 0 | AAI12: 0 | AAJ12: 0 | AAK12: 0 | AAL12: 0 | AAM12: 0 | AAN12: 0 | AAO12: 0 | AAP12: 0 | AAQ12: 0 | AAR12: 0 | AAS12: 0 | AAT12: 0 | AAU12: 0 | AAV12: 0 | AAW12: 0 | AAX12: 0 | AAY12: 0 | AAZ12: 0 | ABA12: 0 | ABB12: 0 | ABC12: 0 | ABD12: 0 | ABE12: 0 | ABF12: 0 | ABG12: 0 | ABH12: 0 | ABI12: 0 | ABJ12: 0 | ABK12: 0 | ABL12: 0 | ABM12: 0 | ABN12: 0 | ABO12: 0 | ABP12: 0 | ABQ12: 0 | ABR12: 0 | ABS12: 0 | ABT12: 0 | ABU12: 0 | ABV12: 0 | ABW12: 0 | ABX12: 0 | ABY12: 0 | ABZ12: 0 | ACA12: 0 | ACB12: 0 | ACC12: 0 | ACD12: 0 | ACE12: 0 | ACF12: 0 | ACG12: 0 | ACH12: 0 | ACI12: 0 | ACJ12: 0 | ACK12: 0 | ACL12: 0 | ACM12: 0 | ACN12: 0 | ACO12: 0 | ACP12: 0 | ACQ12: 0 | ACR12: 0 | ACS12: 0 | ACT12: 0 | ACU12: 0 | ACV12: 0 | ACW12: 0 | ACX12: 0 | ACY12: 0 | ACZ12: 0 | ADA12: 0 | ADB12: 0 | ADC12: 0 | ADD12: 0 | ADE12: 0 | ADF12: 0 | ADG12: 0 | ADH12: 0 | ADI12: 0 | ADJ12: 0 | ADK12: 0 | ADL12: 0 | ADM12: 0 | ADN12: 0 | ADO12: 0 | ADP12: 0 | ADQ12: 0 | ADR12: 0 | ADS12: 0 | ADT12: 0 | ADU12: 0 | ADV12: 0 | ADW12: 0 | ADX12: 0 | ADY12: 0 | ADZ12: 0 | AEA12: 0 | AEB12: 0 | AEC12: 0 | AED12: 0 | AEE12: 0 | AEF12: 0 | AEG12: 0 | AEH12: 0 | AEI12: 0 | AEJ12: 0 | AEK12: 0 | AEL12: 0 | AEM12: 0 | AEN12: 0 | AEO12: 0 | AEP12: 0 | AEQ12: 0 | AER12: 0 | AES12: 0 | AET12: 0 | AEU12: 0 | AEV12: 0 | AEW12: 0 | AEX12: 0 | AEY12: 0 | AEZ12: 0 | AFA12: 0 | AFB12: 0 | AFC12: 0 | AFD12: 0 | AFE12: 0 | AFF12: 0 | AFG12: 0 | AFH12: 0 | AFI12: 0 | AFJ12: 0 | AFK12: 0 | AFL12: 0 | AFM12: 0 | AFN12: 0 | AFO12: 0 | AFP12: 0 | AFQ12: 0 | AFR12: 0 | AFS12: 0 | AFT12: 0 | AFU12: 0 | AFV12: 0 | AFW12: 0 | AFX12: 0 | AFY12: 0 | AFZ12: 0 | AGA12: 0 | AGB12: 0 | AGC12: 0 | AGD12: 0 | AGE12: 0 | AGF12: 0 | AGG12: 0 | AGH12: 0 | AGI12: 0 | AGJ12: 0 | AGK12: 0 | AGL12: 0 | AGM12: 0 | AGN12: 0 | AGO12: 0 | AGP12: 0 | AGQ12: 0 | AGR12: 0 | AGS12: 0 | AGT12: 0 | AGU12: 0 | AGV12: 0 | AGW12: 0 | AGX12: 0 | AGY12: 0 | AGZ12: 0 | AHA12: 0 | AHB12: 0 | AHC12: 0 | AHD12: 0 | AHE12: 0 | AHF12: 0 | AHG12: 0 | AHH12: 0 | AHI12: 0 | AHJ12: 0 | AHK12: 0 | AHL12: 0 | AHM12: 0 | AHN12: 0 | AHO12: 0 | AHP12: 0 | AHQ12: 0 | AHR12: 0 | AHS12: 0 | AHT12: 0 | AHU12: 0 | AHV12: 0 | AHW12: 0 | AHX12: 0 | AHY12: 0 | AHZ12: 0 | AIA12: 0 | AIB12: 0 | AIC12: 0 | AID12: 0 | AIE12: 0 | AIF12: 0 | AIG12: 0 | AIH12: 0 | AII12: 0 | AIJ12: 0 | AIK12: 0 | AIL12: 0 | AIM12: 0 | AIN12: 0 | AIO12: 0 | AIP12: 0 | AIQ12: 0 | AIR12: 0 | AIS12: 0 | AIT12: 0 | AIU12: 0 | AIV12: 0 | AIW12: 0 | AIX12: 0 | AIY12: 0 | AIZ12: 0 | AJA12: 0 | AJB12: 0 | AJC12: 0 | AJD12: 0 | AJE12: 0 | AJF12: 0 | AJG12: 0 | AJH12: 0 | AJI12: 0 | AJJ12: 0 | AJK12: 0 | AJL12: 0 | AJM12: 0 | AJN12: 0 | AJO12: 0 | AJP12: 0 | AJQ12: 0 | AJR12: 0 | AJS12: 0 | AJT12: 0 | AJU12: 0 | AJV12: 0 | AJW12: 0 | AJX12: 0 | AJY12: 0 | AJZ12: 0 | AKA12: 0 | AKB12: 0 | AKC12: 0 | AKD12: 0 | AKE12: 0 | AKF12: 0 | AKG12: 0 | AKH12: 0 | AKI12: 0 | AKJ12: 0 | AKK12: 0 | AKL12: 0 | AKM12: 0 | AKN12: 0 | AKO12: 0 | AKP12: 0 | AKQ12: 0 | AKR12: 0 | AKS12: 0 | AKT12: 0 | AKU12: 0 | AKV12: 0 | AKW12: 0 | AKX12: 0 | AKY12: 0 | AKZ12: 0 | ALA12: 0 | ALB12: 0 | ALC12: 0 | ALD12: 0 | ALE12: 0 | ALF12: 0 | ALG12: 0 | ALH12: 0 | ALI12: 0 | ALJ12: 0 | ALK12: 0 | ALL12: 0 | ALM12: 0 | ALN12: 0 | ALO12: 0 | ALP12: 0 | ALQ12: 0 | ALR12: 0 | ALS12: 0 | ALT12: 0 | ALU12: 0 | ALV12: 0 | ALW12: 0 | ALX12: 0 | ALY12: 0 | ALZ12: 0 | AMA12: 0 | AMB12: 0 | AMC12: 0 | AMD12: 0 | AME12: 0 | AMF12: 0 | AMG12: 0 | AMH12: 0 | AMI12: 0 | AMJ12: 0 | AMK12: 0 | AML12: 0 | AMM12: 0 | AMN12: 0 | AMO12: 0 | AMP12: 0 | AMQ12: 0 | AMR12: 0 | AMS12: 0 | AMT12: 0 | AMU12: 0 | AMV12: 0 | AMW12: 0 | AMX12: 0 | AMY12: 0 | AMZ12: 0 | ANA12: 0 | ANB12: 0 | ANC12: 0 | AND12: 0 | ANE12: 0 | ANF12: 0 | ANG12: 0 | ANH12: 0 | ANI12: 0 | ANJ12: 0 | ANK12: 0 | ANL12: 0 | ANM12: 0 | ANN12: 0 | ANO12: 0 | ANP12: 0 | ANQ12: 0 | ANR12: 0 | ANS12: 0 | ANT12: 0 | ANU12: 0 | ANV12: 0 | ANW12: 0 | ANX12: 0 | ANY12: 0 | ANZ12: 0 | AOA12: 0 | AOB12: 0 | AOC12: 0 | AOD12: 0 | AOE12: 0 | AOF12: 0 | AOG12: 0 | AOH12: 0 | AOI12: 0 | AOJ12: 0 | AOK12: 0 | AOL12: 0 | AOM12: 0 | AON12: 0 | AOO12: 0 | AOP12: 0 | AOQ12: 0 | AOR12: 0 | AOS12: 0 | AOT12: 0 | AOU12: 0 | AOV12: 0 | AOW12: 0 | AOX12: 0 | AOY12: 0 | AOZ12: 0 | APA12: 0 | APB12: 0 | APC12: 0 | APD12: 0 | APE12: 0 | APF12: 0 | APG12: 0 | APH12: 0 | API12: 0 | APJ12: 0 | APK12: 0 | APL12: 0 | APM12: 0 | APN12: 0 | APO12: 0 | APP12: 0 | APQ12: 0 | APR12: 0 | APS12: 0 | APT12: 0 | APU12: 0 | APV12: 0 | APW12: 0 | APX12: 0 | APY12: 0 | APZ12: 0 | AQA12: 0 | AQB12: 0 | AQC12: 0 | AQD12: 0 | AQE12: 0 | AQF12: 0 | AQG12: 0 | AQH12: 0 | AQI12: 0 | AQJ12: 0 | AQK12: 0 | AQL12: 0 | AQM12: 0 | AQN12: 0 | AQO12: 0 | AQP12: 0 | AQQ12: 0 | AQR12: 0 | AQS12: 0 | AQT12: 0 | AQU12: 0 | AQV12: 0 | AQW12: 0 | AQX12: 0 | AQY12: 0 | AQZ12: 0 | ARA12: 0 | ARB12: 0 | ARC12: 0 | ARD12: 0 | ARE12: 0 | ARF12: 0 | ARG12: 0 | ARH12: 0 | ARI12: 0 | ARJ12: 0 | ARK12: 0 | ARL12: 0 | ARM12: 0 | ARN12: 0 | ARO12: 0 | ARP12: 0 | ARQ12: 0 | ARR12: 0 | ARS12: 0 | ART12: 0 | ARU12: 0 | ARV12: 0 | ARW12: 0 | ARX12: 0 | ARY12: 0 | ARZ12: 0 | ASA12: 0 | ASB12: 0 | ASC12: 0 | ASD12: 0 | ASE12: 0 | ASF12: 0 | ASG12: 0 | ASH12: 0 | ASI12: 0 | ASJ12: 0 | ASK12: 0 | ASL12: 0 | ASM12: 0 | ASN12: 0 | ASO12: 0 | ASP12: 0 | ASQ12: 0 | ASR12: 0 | ASS12: 0 | AST12: 0 | ASU12: 0 | ASV12: 0 | ASW12: 0 | ASX12: 0 | ASY12: 0 | ASZ12: 0 | ATA12: 0 | ATB12: 0 | ATC12: 0 | ATD12: 0 | ATE12: 0 | ATF12: 0 | ATG12: 0 | ATH12: 0 | ATI12: 0 | ATJ12: 0 | ATK12: 0 | ATL12: 0 | ATM12: 0 | ATN12: 0 | ATO12: 0 | ATP12: 0 | ATQ12: 0 | ATR12: 0 | ATS12: 0 | ATT12: 0 | ATU12: 0 | ATV12: 0 | ATW12: 0 | ATX12: 0 | ATY12: 0 | ATZ12: 0 | AUA12: 0 | AUB12: 0 | AUC12: 0 | AUD12: 0 | AUE12: 0 | AUF12: 0 | AUG12: 0 | AUH12: 0 | AUI12: 0 | AUJ12: 0 | AUK12: 0 | AUL12: 0 | AUM12: 0 | AUN12: 0 | AUO12: 0 | AUP12: 0 | AUQ12: 0 | AUR12: 0 | AUS12: 0 | AUT12: 0 | AUU12: 0 | AUV12: 0 | AUW12: 0 | AUX12: 0 | AUY12: 0 | AUZ12: 0 | AVA12: 0 | AVB12: 0 | AVC12: 0 | AVD12: 0 | AVE12: 0 | AVF12: 0 | AVG12: 0 | AVH12: 0 | AVI12: 0 | AVJ12: 0 | AVK12: 0 | AVL12: 0 | AVM12: 0 | AVN12: 0 | AVO12: 0 | AVP12: 0 | AVQ12: 0 | AVR12: 0 | AVS12: 0 | AVT12: 0 | AVU12: 0 | AVV12: 0 | AVW12: 0 | AVX12: 0 | AVY12: 0 | AVZ12: 0 | AWA12: 0 | AWB12: 0 | AWC12: 0 | AWD12: 0 | AWE12: 0 | AWF12: 0 | AWG12: 0 | AWH12: 0 | AWI12: 0 | AWJ12: 0 | AWK12: 0 | AWL12: 0 | AWM12: 0 | AWN12: 0 | AWO12: 0 | AWP12: 0 | AWQ12: 0 | AWR12: 0 | AWS12: 0 | AWT12: 0 | AWU12: 0 | AWV12: 0 | AWW12: 0 | AWX12: 0 | AWY12: 0 | AWZ12: 0 | AXA12: 0 | AXB12: 0 | AXC12: 0 | AXD12: 0 | AXE12: 0 | AXF12: 0 | AXG12: 0 | AXH12: 0 | AXI12: 0 | AXJ12: 0 | AXK12: 0 | AXL12: 0 | AXM12: 0 | AXN12: 0 | AXO12: 0 | AXP12: 0 | AXQ12: 0 | AXR12: 0 | AXS12: 0 | AXT12: 0 | AXU12: 0 | AXV12: 0 | AXW12: 0 | AXX12: 0 | AXY12: 0 | AXZ12: 0 | AYA12: 0 | AYB12: 0 | AYC12: 0 | AYD12: 0 | AYE12: 0 | AYF12: 0 | AYG12: 0 | AYH12: 0 | AYI12: 0 | AYJ12: 0 | AYK12: 0 | AYL12: 0 | AYM12: 0 | AYN12: 0 | AYO12: 0 | AYP12: 0 | AYQ12: 0 | AYR12: 0 | AYS12: 0 | AYT12: 0 | AYU12: 0 | AYV12: 0 | AYW12: 0 | AYX12: 0 | AYY12: 0 | AYZ12: 0 | AZA12: 0 | AZB12: 0 | AZC12: 0 | AZD12: 0 | AZE12: 0 | AZF12: 0 | AZG12: 0 | AZH12: 0 | AZI12: 0 | AZJ12: 0 | AZK12: 0 | AZL12: 0 | AZM12: 0 | AZN12: 0 | AZO12: 0 | AZP12: 0 | AZQ12: 0 | AZR12: 0 | AZS12: 0 | AZT12: 0 | AZU12: 0 | AZV12: 0 | AZW12: 0 | AZX12: 0 | AZY12: 0 | AZZ12: 0 | BAA12: 0
